alert_id,person_id,full_name,final_risk_score,risk_score,timestamp,summary,status,scoring_version
ALT-042,PER00796,Rushil Salvi,35,35,2026-02-01T04:46:25.292012,Risk flagged due to transactions with suspected shell companies and 2 other factors.,active,2
ALT-013,PER00224,Yashica Korpal,22,22,2026-02-01T04:46:11.092845,Risk flagged due to high-value property ownership and 1 other factors.,active,2
ALT-046,PER00820,Jagrati Ganesan,20,20,2026-02-01T04:46:25.890775,Risk flagged due to tax filing irregularities and 2 other factors.,active,2
ALT-044,PER00818,Faqid Bahl,19,19,2026-02-01T04:46:25.866427,Risk flagged due to transactions with suspected shell companies and 1 other factors.,active,2
ALT-030,PER00528,Sachi Grover,17,17,2026-02-01T04:46:19.479515,Risk flagged due to high-value property ownership and 1 other factors.,active,2
ALT-050,PER00918,Mekhala Dani,17,17,2026-02-01T04:46:28.226730,Risk flagged due to high-value property ownership and 1 other factors.,active,2
ALT-048,PER00874,Ishaan Kurian,16,16,2026-02-01T04:46:27.172213,Risk flagged due to high-value property ownership and 1 other factors.,active,2
ALT-041,PER00743,Nikita Arora,16,16,2026-02-01T04:46:23.997447,Risk flagged due to high-value property ownership and 1 other factors.,active,2
ALT-043,PER00811,Barkha Kanda,15,15,2026-02-01T04:46:25.786936,Risk flagged due to tax filing irregularities and 2 other factors.,active,2
ALT-008,PER00144,William Gera,15,15,2026-02-01T04:46:09.096623,Risk flagged due to transactions with suspected shell companies and 1 other factors.,active,2
ALT-010,PER00182,Michael Purohit,15,15,2026-02-01T04:46:10.102276,Risk flagged due to tax filing irregularities and 2 other factors.,active,2
ALT-027,PER00481,Nachiket Nanda,14,14,2026-02-01T04:46:17.261218,Risk flagged due to tax filing irregularities and 1 other factors.,active,2
ALT-025,PER00451,Krish Mody,14,14,2026-02-01T04:46:16.459959,Risk flagged due to tax filing irregularities and 1 other factors.,active,2
ALT-040,PER00710,Zaitra Munshi,14,14,2026-02-01T04:46:23.235106,Risk flagged due to tax filing irregularities and 1 other factors.,active,2
ALT-009,PER00148,Ganga Mahal,14,14,2026-02-01T04:46:09.209614,Risk flagged due to tax filing irregularities and 1 other factors.,active,2
ALT-020,PER00354,Lakshmi Nair,14,14,2026-02-01T04:46:14.222065,Risk flagged due to tax filing irregularities and 1 other factors.,active,2
ALT-017,PER00264,Devika Minhas,14,14,2026-02-01T04:46:12.071028,Risk flagged due to tax filing irregularities and 1 other factors.,active,2
ALT-018,PER00287,Nikita Sarraf,14,14,2026-02-01T04:46:12.578073,Risk flagged due to tax filing irregularities and 1 other factors.,active,2
ALT-038,PER00697,Ayushman Jha,14,14,2026-02-01T04:46:22.834358,Risk flagged due to tax filing irregularities and 1 other factors.,active,2
ALT-007,PER00097,Faras Sharaf,14,14,2026-02-01T04:46:07.216077,Risk flagged due to tax filing irregularities and 1 other factors.,active,2
ALT-002,PER00030,Jagrati Kala,14,14,2026-02-01T04:46:05.782840,Risk flagged due to tax filing irregularities and 1 other factors.,active,2
ALT-005,PER00060,Rajata Ramachandran,14,14,2026-02-01T04:46:06.570584,Risk flagged due to tax filing irregularities and 1 other factors.,active,2
ALT-049,PER00902,Gauri Bora,14,14,2026-02-01T04:46:27.770266,Risk flagged due to tax filing irregularities and 1 other factors.,active,2
ALT-045,PER00819,Fiyaz Dutt,14,14,2026-02-01T04:46:25.878516,Risk flagged due to tax filing irregularities and 1 other factors.,active,2
ALT-054,PER00990,Rehaan Kapadia,14,14,2026-02-01T04:46:29.647664,Risk flagged due to tax filing irregularities and 1 other factors.,active,2
ALT-031,PER00547,Zashil Patel,14,14,2026-02-01T04:46:19.864451,Risk flagged due to tax filing irregularities and 1 other factors.,active,2
ALT-034,PER00610,Darsh Sastry,14,14,2026-02-01T04:46:21.120145,Risk flagged due to tax filing irregularities and 1 other factors.,active,2
ALT-033,PER00588,Abdul Walla,14,14,2026-02-01T04:46:20.738334,Risk flagged due to tax filing irregularities and 1 other factors.,active,2
ALT-032,PER00551,Radha Biswas,14,14,2026-02-01T04:46:19.910148,Risk flagged due to tax filing irregularities and 1 other factors.,active,2
ALT-026,PER00471,Zashil Narayan,12,12,2026-02-01T04:46:17.060638,Risk flagged due to high-value property ownership and 1 other factors.,active,2
ALT-019,PER00310,Pavani Nori,12,12,2026-02-01T04:46:13.270289,Risk flagged due to tax filing irregularities and 1 other factors.,active,2
ALT-001,PER00027,Jonathan Dhaliwal,11,11,2026-02-01T04:46:05.681858,Risk flagged due to transactions with suspected shell companies and 1 other factors.,active,2
ALT-022,PER00412,Liam Rastogi,11,11,2026-02-01T04:46:15.636200,Risk flagged due to transactions with suspected shell companies and 1 other factors.,active,2
ALT-006,PER00071,Ranveer Shere,11,11,2026-02-01T04:46:06.720480,Risk flagged due to transactions with suspected shell companies and 1 other factors.,active,2
ALT-028,PER00490,Anthony Ravi,11,11,2026-02-01T04:46:17.409921,Risk flagged due to transactions with suspected shell companies and 1 other factors.,active,2
ALT-012,PER00212,Damini Barad,11,11,2026-02-01T04:46:10.887757,Risk flagged due to transactions with suspected shell companies and 1 other factors.,active,2
ALT-014,PER00227,Sudiksha Deol,11,11,2026-02-01T04:46:11.131923,Risk flagged due to high-value credits inconsistent with salary and 1 other factors.,active,2
ALT-016,PER00262,Radha Suri,11,11,2026-02-01T04:46:12.036297,Risk flagged due to transactions with suspected shell companies and 1 other factors.,active,2
ALT-047,PER00822,Rishi Sahota,11,11,2026-02-01T04:46:25.915623,Risk flagged due to transactions with suspected shell companies and 1 other factors.,active,2
ALT-039,PER00709,Amol Dugar,11,11,2026-02-01T04:46:23.219018,Risk flagged due to transactions with suspected shell companies and 1 other factors.,active,2
ALT-035,PER00649,Odika Korpal,11,11,2026-02-01T04:46:21.953481,Risk flagged due to transactions with suspected shell companies and 1 other factors.,active,2
ALT-036,PER00655,Hiral Garde,11,11,2026-02-01T04:46:22.033705,Risk flagged due to transactions with suspected shell companies and 1 other factors.,active,2
ALT-029,PER00497,Gaurika Pandya,11,11,2026-02-01T04:46:17.506524,Risk flagged due to high-value credits inconsistent with salary and 1 other factors.,active,2
ALT-023,PER00420,Ranveer Wadhwa,11,11,2026-02-01T04:46:15.889274,Risk flagged due to transactions with suspected shell companies and 1 other factors.,active,2
ALT-004,PER00048,Hitesh Barad,10,10,2026-02-01T04:46:06.344618,Risk flagged due to tax filing irregularities and 2 other factors.,active,2
ALT-003,PER00038,Urmi Rajan,10,10,2026-02-01T04:46:05.890456,Risk flagged due to high-value property ownership,active,2
ALT-021,PER00378,Sanya Narula,10,10,2026-02-01T04:46:14.909762,Risk flagged due to tax filing irregularities and 2 other factors.,active,2
ALT-015,PER00242,Maanav Andra,10,10,2026-02-01T04:46:11.469836,Risk flagged due to tax filing irregularities and 2 other factors.,active,2
ALT-011,PER00195,Gunbir Suresh,10,10,2026-02-01T04:46:10.360187,Risk flagged due to tax filing irregularities and 2 other factors.,active,2
ALT-024,PER00421,Dominic Manda,10,10,2026-02-01T04:46:15.902926,Risk flagged due to tax filing irregularities and 2 other factors.,active,2
ALT-037,PER00668,Ayaan Arya,10,10,2026-02-01T04:46:22.206906,Risk flagged due to tax filing irregularities and 2 other factors.,active,2
ALT-051,PER00919,Nikita Panchal,10,10,2026-02-01T04:46:28.239394,Risk flagged due to tax filing irregularities and 2 other factors.,active,2
ALT-052,PER00959,Deepa Deo,10,10,2026-02-01T04:46:28.930913,Risk flagged due to high-value property ownership,active,2
ALT-053,PER00967,Neelima Venkatesh,10,10,2026-02-01T04:46:29.061784,Risk flagged due to tax filing irregularities and 2 other factors.,active,2
