person_id,full_name,dob,pan_number,address,monthly_salary_inr,tax_filing_status
PER00001,Sneha Kamdar,1960-04-22,MNKRL6567D,"16/726, Chaudhuri Nagar, Suryapet 437348",35000,Filed
PER00002,Mitali Garde,1960-08-05,LEMJZ8713M,"763, Setty Ganj, Narasaraopet 125180",0,Filed
PER00003,Abdul Sani,1996-09-19,QIENX3393L,"H.No. 596, Chhabra Zila, Latur-157418",80000,Filed
PER00004,William Bala,1973-02-01,INKLQ8065K,"81/82, Pau Road, Maheshtala-196093",35000,Filed
PER00005,Kala Mangal,1976-10-01,BOMDX1923F,"63/007, Badami Chowk, Nagpur 448159",50000,Filed
PER00006,Pushti Narain,2004-06-19,ESWMD8573W,"79/26, Narasimhan Chowk, Korba 266416",45000,Filed
PER00007,Sudiksha Bhandari,1963-05-01,UQLAK8831Q,"372, Chatterjee Ganj, Patiala-998249",0,Filed
PER00008,Omkaar Mallick,1958-03-07,NMDIV5011D,"186, Chawla Circle, Mumbai-063179",0,Filed
PER00009,Bishakha Toor,1960-07-15,UHWOU1808S,"64, Shanker Path, Durg 397391",65000,Filed
PER00010,Lavanya Kapur,1979-11-30,FAPYI2769Q,"80, Zacharia Ganj, Muzaffarpur-143175",50000,Filed
PER00011,Pranit Bhatnagar,1972-12-09,ICQFJ9615C,"511, Hari Nagar, Sagar 729925",50000,Filed
PER00012,Christopher Rana,1996-10-16,BKLDR3881R,"H.No. 41, Lala Ganj, Karawal Nagar 957703",65000,Filed
PER00013,Udant Pall,1957-06-05,LTRYC9593I,"H.No. 902, Mukherjee Marg, Kota 111613",45000,Filed
PER00014,Nachiket Rege,1998-04-18,FMGMP1522U,"77, Dhar Circle, Rajkot 541743",80000,Filed
PER00015,Adya Luthra,1970-10-19,SKDDP7646U,"30/482, Singh, Tezpur-740382",45000,Not Filed
PER00016,Ekalinga Natt,1997-12-12,GRGKU7017X,"078, Sundaram Street, Kozhikode-982175",0,Filed
PER00017,Vrishti Bumb,1962-08-10,RFRLP6275E,"H.No. 080, Morar Road, Chandrapur 811160",35000,Pending
PER00018,Deepa Guha,1976-04-26,NMISC3635N,"02/36, Naik Circle, Bhusawal-125266",50000,Filed
PER00019,Kalpit Manne,1971-03-17,ZXVKT7164X,"29/793, Mohan Zila, Thoothukudi-934638",45000,Not Filed
PER00020,Frado Yogi,1976-01-03,MXWGI8766K,"H.No. 529, Kibe Nagar, Ambattur 890106",45000,Filed
PER00021,Oni Chakrabarti,1995-06-10,YUGIE7472Y,"80, Varkey Path, Ballia-013278",35000,Filed
PER00022,Jack Kaul,1974-08-06,LQMHE5379G,"05, Divan Path, Durg 615152",50000,Filed
PER00023,Anya Sethi,1984-08-09,QAEGF1494A,"34/873, Apte Circle, Dhule-351897",35000,Not Filed
PER00024,Veer Brahmbhatt,2006-10-22,BPEVS1711L,"H.No. 15, Tandon Ganj, Vasai-Virar-462472",50000,Filed
PER00025,Kai Bhandari,1998-07-10,FYKOV9145I,"15/288, Mahal Street, Aurangabad 389688",50000,Filed
PER00026,Chaitanya Majumdar,1961-04-20,QEJZA6731N,"09/26, Vohra Marg, Rohtak 212987",120000,Filed
PER00027,Jonathan Dhaliwal,1961-06-12,KGXYG7673O,"12, Dixit, Sirsa 476767",35000,Filed
PER00028,Gopal Datta,2008-01-20,MHWUC1650D,"H.No. 22, Chaudhari, Amritsar 700934",45000,Filed
PER00029,Forum Sharaf,2004-07-21,GYSOY2595C,"H.No. 26, Salvi Marg, Motihari-636971",200000,Filed
PER00030,Jagrati Kala,1987-01-05,WVUWX2603W,"586, Ahuja Road, Sambhal-946956",50000,Not Filed
PER00031,Jairaj Mahajan,1998-04-26,JZVSB8508L,"87/76, Sahota Path, Danapur-406393",65000,Filed
PER00032,Vasudha Jaggi,1994-12-29,VAFRO7046X,"892, Chhabra, Phusro-399482",65000,Filed
PER00033,Chatura Nair,1987-06-04,YDYIH9028O,"H.No. 55, Kakar Chowk, Loni 573543",80000,Filed
PER00034,Mitesh Prabhakar,2007-12-31,HLGMN6372N,"48, Raghavan Circle, Dhule-060994",200000,Pending
PER00035,Jagrati Sandal,1978-04-28,EIWRX0899N,"H.No. 79, Yogi Chowk, Aligarh 115629",50000,Filed
PER00036,Victor Krishnan,1965-02-06,SMWHB5458U,"886, Grewal Marg, Lucknow-419423",45000,Filed
PER00037,Qadim Roy,2000-06-30,XHRHY4727R,"795, Bhatnagar Ganj, Gurgaon-071102",0,Filed
PER00038,Urmi Rajan,1983-06-08,JHAIG7361O,"H.No. 89, Vig Road, Bangalore-401092",120000,Filed
PER00039,Christopher Sheth,2006-02-02,RVSBQ0915H,"81, Date, Begusarai 605485",45000,Not Filed
PER00040,Tanveer Ratta,2000-07-26,GDYYG9150P,"45, Pai Chowk, Yamunanagar 441576",80000,Filed
PER00041,Oscar Golla,1990-01-17,WKMYM3368B,"59, Chaudhry Street, Faridabad 890621",65000,Pending
PER00042,Ekaja Chokshi,1986-06-30,IWTER0304Y,"16, Mahajan Street, Surat-236870",50000,Filed
PER00043,Andrew Bala,1992-05-19,BEDZG3776N,"39, Mistry Chowk, Bidar-824688",35000,Filed
PER00044,Vaishnavi Nigam,1997-10-23,EFTDM4782R,"509, Rege Zila, Delhi-628468",50000,Not Filed
PER00045,Anmol Dubey,1994-11-04,WCUNC8391P,"H.No. 862, Kakar Ganj, Machilipatnam-522681",35000,Filed
PER00046,Aarini Ravel,1987-05-09,AUPZH1360P,"H.No. 686, Hegde, Nizamabad 909013",50000,Filed
PER00047,Yauvani Oommen,1990-11-30,ONKAU2713A,"H.No. 321, Pathak Path, Jamshedpur 883137",50000,Filed
PER00048,Hitesh Barad,1964-07-22,RNTVW3343P,"500, Sankar Nagar, Raipur 439990",35000,Not Filed
PER00049,Zilmil Hegde,1973-07-18,IHICF7178L,"96, Srinivasan Road, Jaipur-372136",45000,Filed
PER00050,Faris Kara,2005-04-20,EEACS6170S,"064, Raman Chowk, Ramagundam-786288",200000,Filed
PER00051,Brinda Bala,1987-11-13,NMTZR8097X,"H.No. 189, Shroff Marg, Bhavnagar-314428",45000,Filed
PER00052,Yasti Basak,1981-11-02,MXWER8964R,"67/96, Maharaj Circle, Khora  241158",80000,Filed
PER00053,Anita Uppal,1978-07-02,ZOHQM7915W,"H.No. 777, Krishnamurthy Nagar, Jammu 917903",35000,Not Filed
PER00054,Tanay Rout,1981-12-27,SRPPL6106I,"H.No. 79, Nadig Path, Ghaziabad 553647",200000,Filed
PER00055,Kai Seshadri,2001-06-16,RLHFL7835M,"589, Dhaliwal Marg, Serampore-389964",35000,Filed
PER00056,Tristan Chatterjee,1984-03-24,DJRRO8060X,"H.No. 25, Prakash Zila, Muzaffarnagar-994638",80000,Filed
PER00057,Hemani Amble,1979-11-30,FUPQC6122K,"H.No. 462, Talwar Road, Naihati-938914",35000,Filed
PER00058,Urmi Nagy,1975-01-01,NPQGH1042F,"11/41, Badami Circle, Panipat 690235",35000,Pending
PER00059,Chaitanya Lall,1995-05-27,NAOHF3024J,"H.No. 077, Mutti Path, Tinsukia-494365",45000,Filed
PER00060,Rajata Ramachandran,1991-03-22,BDXBA4046D,"H.No. 884, Venkatesh Chowk, Gudivada-143186",120000,Not Filed
PER00061,Priya Raghavan,1974-11-29,AWKLR3935U,"15/743, Wason Marg, Kakinada-805207",35000,Filed
PER00062,Nidra Barad,1971-01-01,MAVFA9610A,"79/23, Som Nagar, Ambarnath 406277",80000,Not Filed
PER00063,Geetika Chhabra,1964-09-21,UYVKE0830Y,"22/158, Anand, Rewa 613446",35000,Pending
PER00064,Lakshit Nigam,1996-03-30,RRIYP2316C,"98/927, Bajaj, Alappuzha-174580",50000,Filed
PER00065,Nakul Bir,1980-11-01,ZFQOQ9759F,"17, Parikh Circle, Begusarai 500181",45000,Filed
PER00066,Yutika Choudhary,1959-06-06,VGAVD4651J,"051, Kala Marg, Ramagundam 771808",80000,Filed
PER00067,Vedika Golla,1987-06-30,NNCEU5021R,"68, Raghavan Path, Begusarai-438685",80000,Filed
PER00068,Advik Hora,1990-12-15,QJKHE9093I,"93/75, Bava Chowk, Nashik 047528",50000,Pending
PER00069,Warjas Mitra,1957-03-16,JXHVN4425L,"67, Wali Marg, Kolkata 217189",80000,Not Filed
PER00070,Timothy Rama,2007-08-24,EWYGT3172Y,"H.No. 227, Sama Nagar, Erode-428016",65000,Not Filed
PER00071,Ranveer Shere,2000-08-31,CWDDO3634R,"H.No. 072, Mandal Marg, Pudukkottai-526823",80000,Filed
PER00072,Manthan Jha,1991-10-31,ZZCBF6235M,"51, Bath Circle, Patiala 267167",65000,Filed
PER00073,Urmi Bir,1960-10-14,DPNLI4114O,"76, Gulati Path, Noida-856629",45000,Not Filed
PER00074,Max Deo,1985-09-26,YKTIW3517Z,"42, Pandya Ganj, Proddatur-081290",65000,Filed
PER00075,Odika Krishna,1959-09-27,OCVKR7870U,"54/15, Tailor Road, Kollam-891023",45000,Not Filed
PER00076,Ishani Kuruvilla,1997-04-14,VFDLF3595M,"757, Bal Path, Bhiwani-731806",50000,Not Filed
PER00077,Advik Patla,1981-12-23,HKHCY2238R,"154, Sheth Zila, Baranagar 420027",35000,Not Filed
PER00078,Atharv Kara,2005-10-28,ODVUC5833F,"H.No. 475, Vyas Marg, Mumbai-010868",65000,Pending
PER00079,Jeevika Chokshi,1963-07-15,VOLZZ0223I,"H.No. 69, Gandhi Road, Eluru 715663",35000,Filed
PER00080,Abha Barad,1994-08-20,QRQFY0631Q,"H.No. 491, Thakur Chowk, Bhilwara 029708",45000,Filed
PER00081,Ladli Pathak,1988-06-13,YWEBA1200B,"H.No. 958, Mitra Marg, Shahjahanpur 599372",35000,Filed
PER00082,Ethan Chand,1960-01-03,JSFJK0867K,"86, Bhatia Path, Rajpur Sonarpur 614696",45000,Pending
PER00083,Nimrat Tara,1964-07-22,CSANM0696V,"47/689, Bal Chowk, Baranagar 354659",0,Filed
PER00084,Girish Babu,1971-08-11,VHCVH0582Y,"11/837, Sachar Nagar, Mira-Bhayandar 407862",45000,Filed
PER00085,Meghana Bedi,1983-04-26,RJBST0441C,"635, Sharaf Path, Ulhasnagar-973409",45000,Not Filed
PER00086,Ojasvi Gupta,1988-08-05,TMVEF5912K,"17/66, Madan Circle, Narasaraopet-705291",65000,Filed
PER00087,Hemani Sachdev,1967-05-08,NDKFX0440J,"14/85, Kurian Chowk, Anand-119835",120000,Filed
PER00088,Eta Bansal,1992-12-12,QROBD0022C,"03/40, Khalsa Path, Srinagar 648433",45000,Filed
PER00089,Chandresh Chandra,1984-09-10,ZKQQC5101D,"30, Gola Marg, Sri Ganganagar 713160",80000,Filed
PER00090,Rachana Mody,1986-06-18,GWPNV8981L,"07/821, Palla Nagar, Madurai 288738",35000,Filed
PER00091,Siya Chopra,1959-04-21,EOTLD5745B,"65/479, Bhatnagar, Udupi-138478",80000,Filed
PER00092,Hitesh Om,1972-04-30,STJRP2517L,"10/58, Ray Street, Udupi 961716",200000,Filed
PER00093,Advay Thakur,1963-04-06,NVJAG7452F,"05/729, Nagy, Visakhapatnam-990149",45000,Not Filed
PER00094,Urmi Butala,1969-02-22,GZSTO0716D,"83, Deshpande, Amroha-428095",50000,Filed
PER00095,Owen Kashyap,1980-02-04,PIUBW0706L,"018, Kannan Path, South Dumdum 648844",50000,Filed
PER00096,Manbir Dyal,1977-12-19,KGFXH5830M,"237, Dey, Berhampore-309477",0,Filed
PER00097,Faras Sharaf,1980-07-21,BXQVB0534D,"60, Pillay Road, Purnia-328639",200000,Not Filed
PER00098,Falak Ratti,1991-03-03,QIGFJ9145N,"031, Pillai, Surendranagar Dudhrej-176404",50000,Filed
PER00099,Deepa Rao,1955-04-14,MTEPR8424G,"16/375, Dash Zila, Lucknow-262749",50000,Not Filed
PER00100,Sai Wali,1959-04-06,FLVXV0927D,"209, Chatterjee Circle, Vadodara 624784",200000,Filed
PER00101,Advika Iyer,1994-07-19,QSPZN5775F,"H.No. 67, Sani Chowk, Unnao-446633",45000,Filed
PER00102,Maanas Balan,1972-06-26,IMWRG9375G,"705, Iyer Marg, Bhopal-918325",35000,Filed
PER00103,Ekani Ganesh,1985-07-23,PXUDV6780L,"68/045, Sachdev Ganj, Bijapur-427781",35000,Filed
PER00104,Sudiksha Shroff,2003-04-21,NNTBT4094R,"H.No. 27, Dora Chowk, Kozhikode 720970",200000,Filed
PER00105,Anirudh Solanki,1960-06-17,IUILF9732E,"H.No. 92, Devi, Hyderabad-148600",200000,Filed
PER00106,Girindra Vyas,1964-03-02,EPMLX6911S,"H.No. 33, Thakur Marg, Varanasi 320844",80000,Filed
PER00107,Tripti Sanghvi,1968-08-30,GANTF8766H,"89, Mishra Road, Vasai-Virar-089851",35000,Filed
PER00108,Warhi Ghose,1995-10-12,BBNZT7598M,"H.No. 739, Hora, Bhalswa Jahangir Pur 336994",200000,Filed
PER00109,Ekavir Kalita,2008-01-13,QIMVF1487P,"H.No. 78, Dara Zila, Bihar Sharif 218529",45000,Filed
PER00110,Udyati Dada,1966-10-09,TAFKA1920E,"98/93, Mitter Road, Latur 465011",80000,Filed
PER00111,Aadhya Halder,1972-07-01,DHDYQ8653Q,"H.No. 35, Dass Circle, Gandhidham-955633",80000,Filed
PER00112,Ayaan Raval,1974-10-12,SRLIM8749F,"56, Ganesh Circle, Firozabad-130467",50000,Filed
PER00113,Yashoda Ramanathan,2004-01-22,JFFDO1007C,"51, Bawa Path, Pallavaram-019381",50000,Filed
PER00114,Mekhala Tripathi,1993-03-30,USMKS0037B,"25/68, Bora Street, Patna-597695",45000,Filed
PER00115,Ryan Sathe,1961-06-11,NACKU1506C,"H.No. 09, Date, Madanapalle-350948",80000,Pending
PER00116,Zarna Pant,2001-10-03,OKPHF5142W,"H.No. 337, Rau Zila, Anantapuram 047453",65000,Filed
PER00117,Pratyush Dara,2000-10-25,PTOWZ0436V,"H.No. 45, Chokshi Marg, Navi Mumbai-254032",45000,Filed
PER00118,Anika Nagy,1997-03-01,GNLMB0154H,"68, Gandhi, Thiruvananthapuram-138433",50000,Filed
PER00119,Fiyaz Arya,1972-12-10,OLAGT9005S,"71, Dara Marg, Karnal-335187",50000,Filed
PER00120,Onveer Natt,1959-03-29,JDMLK7131H,"312, Saha Zila, Chapra 024440",35000,Filed
PER00121,Mohammed Aggarwal,1976-03-02,TNTVC7391Y,"H.No. 247, Hayre Path, Tinsukia-756398",45000,Filed
PER00122,Veda Lata,1990-05-06,DHAQI8673R,"072, Sandal Ganj, Ambattur-560521",35000,Filed
PER00123,Elijah Vala,2004-11-15,MTABV3416T,"60, Sahota Chowk, Shimoga 933275",200000,Not Filed
PER00124,Zayyan Sachar,2000-02-20,CMKUZ5871E,"H.No. 849, Sodhi Marg, Vasai-Virar-840567",65000,Filed
PER00125,Dalbir Mannan,2002-12-05,QMZFW6519Q,"73, Sur Nagar, Suryapet-371025",200000,Not Filed
PER00126,Warda Kibe,2007-08-02,CXBOF6167U,"H.No. 209, Bail Path, Guntur 840863",200000,Filed
PER00127,Shivansh Kapoor,1981-07-26,LZGUH1519U,"13/741, Uppal Road, Coimbatore 070066",65000,Filed
PER00128,Gaurika Dara,1996-08-01,ARSLC2385N,"H.No. 039, Dalal Zila, Shimoga 020612",65000,Filed
PER00129,Warhi Naidu,1991-01-06,EJTYV2966Q,"73/449, Shanker Ganj, Agartala 753997",35000,Not Filed
PER00130,Odika Sachar,1973-03-17,DPUNG7074W,"H.No. 70, Parsa, Madanapalle-630111",0,Filed
PER00131,Yasti Kalla,1972-06-26,PXVZI5454F,"990, Divan Chowk, Mango 738556",50000,Not Filed
PER00132,Chanakya Naik,1955-07-02,RTKSB8394W,"H.No. 562, Rastogi, Ichalkaranji 761412",50000,Not Filed
PER00133,Liam Mane,1963-04-02,TLLPG2969Z,"H.No. 07, Deshmukh Marg, Udaipur-666653",35000,Filed
PER00134,Anita Mannan,2005-02-04,NIHXY4362F,"30/90, Lanka Circle, Jaipur-844175",50000,Filed
PER00135,Advaith Srivastava,1963-02-22,RBAVG6545I,"30, Krishnamurthy Street, Vijayanagaram-691561",80000,Filed
PER00136,Ishwar Parmar,1955-10-13,PIICP4306Z,"H.No. 966, Chacko Zila, Indore-612095",80000,Not Filed
PER00137,Banjeet Buch,2006-06-25,RNFHG6248K,"305, Rau, Loni 577911",0,Filed
PER00138,Joshua Sinha,1966-04-04,VZTHJ1528R,"H.No. 98, Bal Marg, Nandyal 211623",45000,Filed
PER00139,Saumya Hans,1975-06-20,GZTBT6865Q,"H.No. 427, Morar Road, Bhavnagar 636477",80000,Filed
PER00140,Vinaya Thakur,1957-02-01,GQDXV9220F,"963, Datta Path, Tumkur 331889",50000,Filed
PER00141,Christopher Mutti,1986-06-29,UXOGF1632V,"10/042, Kanda Marg, Gaya-350859",35000,Not Filed
PER00142,Raagini Sule,1965-10-10,MUPUP0697G,"23, Kalla Marg, Sagar 815847",65000,Filed
PER00143,Isaac Palla,2007-01-27,SGWBL3162H,"58, Gupta Zila, Tirunelveli 944958",35000,Not Filed
PER00144,William Gera,1974-03-20,IERRD9933K,"44/30, Pall Ganj, Ozhukarai 469283",45000,Filed
PER00145,Om Ray,1956-10-29,CJBJO9864T,"10/03, Iyengar Path, Ludhiana 952671",0,Filed
PER00146,Yachana Behl,1965-06-14,HHLVT3550H,"33, Keer Road, Barasat-226093",65000,Filed
PER00147,Meera Jain,1967-08-22,QUSUS8665S,"H.No. 469, Bhat Chowk, Kolkata-445121",0,Pending
PER00148,Ganga Mahal,1973-12-15,XXFOC3284O,"525, Prakash Street, Varanasi-483529",50000,Not Filed
PER00149,Laban Narayanan,1992-12-30,XTSDB6203Q,"H.No. 69, Ramaswamy Marg, Khora  710015",50000,Filed
PER00150,Hemangini Rajan,1969-04-25,YDCOT2102L,"89, Majumdar Zila, Mysore 537939",200000,Filed
PER00151,Isaac Din,2003-11-17,YEZGR4851E,"H.No. 512, Raman Road, Madhyamgram-448081",65000,Filed
PER00152,Ganga Verma,2004-09-01,MXTMJ6828B,"20, Mohanty Path, Bally-397684",65000,Pending
PER00153,Anamika Keer,1974-07-06,WBLBL6864W,"16/49, Sekhon Street, Khora  268435",80000,Filed
PER00154,Gopal Sastry,1969-04-17,FXUAT2081D,"75, Gulati Ganj, Shivpuri 257330",65000,Filed
PER00155,Turvi Kar,1989-10-10,LUVBS9687I,"534, Bassi, Nandyal 298234",0,Filed
PER00156,Guneet Nagi,1987-09-06,QOJGL8890D,"H.No. 850, Ganesh Chowk, Hospet 462906",45000,Filed
PER00157,Pallavi Mital,1965-10-04,FTUBE6164W,"H.No. 873, Dubey Path, Korba-747824",50000,Filed
PER00158,Rehaan Jha,1973-07-13,GIAJN2098T,"929, Chatterjee Street, Thoothukudi-214183",0,Filed
PER00159,Hemani Bumb,1987-05-19,ENPYT8214N,"539, Kalita Zila, Rampur 305247",35000,Filed
PER00160,Mitesh Palan,1960-01-20,UTLTR4277A,"314, Ravel Road, Darbhanga 008018",50000,Pending
PER00161,Simon Dutt,1998-09-15,TIZKK1282G,"237, Kata Marg, Bihar Sharif-127119",45000,Not Filed
PER00162,Ojasvi Dani,1978-03-19,ERYCG7340T,"H.No. 45, Seth Road, Gudivada 095589",50000,Filed
PER00163,Neelima Kale,1961-05-13,EFIAF0235D,"04/73, Talwar Zila, Bhubaneswar-662189",50000,Pending
PER00164,Aarna Chaudhari,2006-07-03,JYOUC4353E,"518, Nori Chowk, Bettiah-581313",35000,Not Filed
PER00165,Darpan Ray,1964-12-22,GOFXY1045D,"58/120, Sama Nagar, Rajahmundry-028573",65000,Pending
PER00166,Sara Deol,1989-10-10,JYDTO6303K,"531, Mallick Street, Bareilly-551971",50000,Filed
PER00167,Qasim Borah,1959-02-06,YXSRT7391S,"29, Borah, Nellore 835421",200000,Filed
PER00168,Aadi Nair,1989-06-04,OPEPU4406U,"819, Basu Zila, Kollam 267128",50000,Filed
PER00169,Dalaja Kannan,1976-10-11,XEYAB4396E,"77/76, Nadig Ganj, Sonipat 652819",0,Not Filed
PER00170,Tara Mann,1963-02-21,ZOYGS4133H,"H.No. 322, Sankar Path, Guwahati-814321",50000,Not Filed
PER00171,Chakradev Sidhu,1975-01-06,CGWRD9369Y,"H.No. 48, Kannan, Bangalore-816751",50000,Filed
PER00172,Rajata Prabhu,1964-06-08,CSSPJ1426K,"62/50, Chawla Chowk, Aurangabad 183908",45000,Filed
PER00173,Zashil Bhavsar,1959-05-28,CCEYQ1711F,"918, Batra, Jamshedpur 889721",50000,Filed
PER00174,Abeer Prashad,1986-10-06,AJTJS8476D,"H.No. 164, Shenoy Ganj, Salem 239075",35000,Filed
PER00175,Udyati Sagar,1997-06-01,PJAKO8265T,"70/14, Sama Zila, Chapra 711581",0,Filed
PER00176,Upkaar Shukla,1956-02-26,VHXCL8587P,"92/003, Shetty Zila, Bhiwani-959633",0,Filed
PER00177,Eshana Bakshi,1961-02-22,WPCIW1402K,"H.No. 127, Srinivasan Path, Vijayawada 172072",65000,Filed
PER00178,Lucky Sundaram,1985-09-28,WBDIH5653H,"55, Edwin, Panipat 852970",35000,Filed
PER00179,Anita Varughese,1957-05-20,NHPEZ3509X,"305, Basu, Varanasi 335453",50000,Pending
PER00180,Hemani Palla,1982-01-25,HELNA9070U,"H.No. 949, Rau Nagar, Panipat-299702",50000,Pending
PER00181,Yashica Kapoor,2004-05-07,YAEUC8908W,"40, Agate Zila, Bellary 702664",120000,Filed
PER00182,Michael Purohit,1996-11-27,CNFFR9452T,"H.No. 590, Banerjee Path, Raurkela Industrial Township-556697",35000,Not Filed
PER00183,Kai Sawhney,1990-02-17,AIYFZ6151Z,"350, Puri Chowk, Thanjavur 610553",50000,Filed
PER00184,Lucky Kashyap,1997-05-19,QIQXO4001N,"H.No. 199, Borah Street, Adoni 556162",50000,Filed
PER00185,Chaitanya Choudhary,1959-03-24,JAUCI0720A,"56, Kale, Kolhapur-916597",35000,Filed
PER00186,Rajata Bhagat,1970-10-25,KSONS6665J,"27, Kurian Street, Karnal 314013",80000,Filed
PER00187,Ekiya Palla,1971-05-17,IJORO5273F,"H.No. 75, Bhagat Ganj, Sikar 703675",35000,Filed
PER00188,Panini Kaur,1988-12-25,ETIDL0815J,"H.No. 70, Sethi Marg, Chittoor 747876",200000,Filed
PER00189,Siya Chada,2004-06-24,KUFWF1815E,"H.No. 856, Patil Ganj, Bhavnagar 511862",65000,Filed
PER00190,Nathaniel Munshi,2000-01-22,HPXAY5216S,"H.No. 71, Mukherjee Nagar, Unnao-595411",120000,Filed
PER00191,Waida Dhillon,1965-05-21,NLLYI0190P,"51/082, Aggarwal Path, Kochi 243573",50000,Pending
PER00192,Sanaya Randhawa,1967-05-15,RPOVF8625D,"98/85, Dugal Marg, Chandigarh 509597",65000,Pending
PER00193,Sanya Parmar,1986-09-02,EWJDY6251M,"84/184, Dubey Ganj, Chittoor 679218",45000,Not Filed
PER00194,Yatin Seshadri,1995-01-19,OPGYG6961Q,"53, Konda, South Dumdum 672243",0,Pending
PER00195,Gunbir Suresh,2004-06-12,YTWDW4214Z,"H.No. 432, Srinivasan Marg, Jaunpur 505718",50000,Not Filed
PER00196,Isaiah Bajwa,2002-11-11,XBEAV6645L,"H.No. 25, Pradhan Marg, Kalyan-Dombivli 481289",45000,Filed
PER00197,Adweta Rai,1966-08-26,JRZPB4290D,"H.No. 033, Krishnamurthy Road, Bangalore-412167",50000,Pending
PER00198,Bhavini Dhillon,1981-01-04,ZERLR6522W,"07, Maharaj Path, Bilaspur 645032",200000,Filed
PER00199,Dalaja Som,1964-12-13,KUVVN4559L,"H.No. 902, Sani Circle, Junagadh 083891",65000,Filed
PER00200,Vidhi Hegde,1972-06-09,WQAZC6557O,"669, Prasad Nagar, Meerut-486277",50000,Filed
PER00201,Vedant Din,1980-12-04,PJXDD0447C,"35, Karnik Street, New Delhi-687468",50000,Filed
PER00202,Yahvi Khosla,1956-12-13,SVJVJ0172V,"521, Bedi Circle, Ballia 769905",65000,Filed
PER00203,Meghana Dyal,1976-01-08,DGRUC6719C,"H.No. 012, Murty Nagar, Asansol 995437",35000,Filed
PER00204,Tamanna Sandhu,1994-04-04,VESMO0350K,"111, Choudhry, Guna-510864",65000,Filed
PER00205,Anika Bhatia,1988-11-23,RUYLL5336M,"50/47, Contractor Path, Belgaum 496959",80000,Filed
PER00206,Luke Wable,1996-11-04,ZMQDU1986O,"H.No. 989, Rattan Chowk, Kochi 071873",35000,Filed
PER00207,Sara Patla,1985-11-03,LGTIF3496H,"H.No. 191, Dass Marg, Hosur-947075",45000,Pending
PER00208,Tanish Desai,1959-02-07,MWOIV1131V,"78/77, Raja Marg, Faridabad-557975",35000,Filed
PER00209,Baghyawati Barad,2007-10-22,JQQZL0380N,"H.No. 30, Bhandari Road, Rajkot-053557",45000,Filed
PER00210,Jalsa Sinha,1958-08-08,QGRFR3191L,"70/29, Reddy Path, Ramgarh-074914",35000,Not Filed
PER00211,Theodore Wable,1957-09-05,VRGXJ0359O,"H.No. 58, Suri Path, Adoni 402419",0,Filed
PER00212,Damini Barad,1978-07-14,OKREA4061Y,"H.No. 454, Chandran, Latur 141477",35000,Pending
PER00213,Ishita Manda,1958-06-16,BTQWW7037L,"73/31, Vala Road, Madanapalle 406699",50000,Pending
PER00214,Urishilla Jhaveri,2005-11-09,XFLPN0414G,"004, Sangha Marg, Silchar-415502",80000,Filed
PER00215,Nandini Loke,2007-10-10,HTLVT4378H,"H.No. 25, Garde Marg, Sambhal 155355",65000,Filed
PER00216,Jeremiah Babu,1973-01-22,UAWRB6750F,"H.No. 408, Khanna Zila, Morena-885198",50000,Filed
PER00217,Gabriel Gopal,1970-02-23,QWYQT0029W,"92/96, Kade Street, Thanjavur-065185",35000,Filed
PER00218,Michael Kumar,1999-11-28,OCIQC9887Q,"41/38, Merchant Circle, Orai-648897",80000,Filed
PER00219,Pratyush Puri,1987-01-13,VAQWH3217G,"576, Panchal Street, Farrukhabad-536958",120000,Filed
PER00220,Neel Sabharwal,1986-06-22,IBEBS2094C,"H.No. 096, Sarkar Road, Kavali 635347",65000,Not Filed
PER00221,Odika Srinivasan,1988-02-04,QIXCF2418H,"50/98, Kara Street, Medininagar-203564",35000,Filed
PER00222,Janaki Madan,1982-05-27,TLFFV8461P,"H.No. 399, Hayre Road, Nadiad 282674",45000,Filed
PER00223,Maanav Kashyap,1971-03-23,DBAGR5311G,"82/996, Vohra Ganj, Erode 688160",65000,Filed
PER00224,Yashica Korpal,2006-04-10,HRPCD2210F,"30, Dugal Road, Secunderabad-734194",50000,Filed
PER00225,Chakrika Deo,1970-03-04,NMJAN8345L,"H.No. 796, Dalal Road, Bhind 806774",50000,Not Filed
PER00226,Ekavir Oak,1986-02-04,JHMVN5484G,"57, Sridhar Circle, Jabalpur 609158",45000,Filed
PER00227,Sudiksha Deol,1997-10-24,QSWUU7068H,"91, Khanna Circle, Khandwa-441049",50000,Pending
PER00228,Nandini Dave,1983-07-18,AVGLF2156Q,"47/069, Bose Road, Chinsurah-490157",35000,Filed
PER00229,Benjamin Tripathi,1958-06-14,HJWHW8262R,"H.No. 53, Kapoor Marg, Bally-466984",45000,Filed
PER00230,Jalsa Hari,1992-03-28,WNSXV1327F,"H.No. 470, Sha Zila, Sagar 813592",120000,Filed
PER00231,Advay Rama,1958-09-05,HZNEO7691A,"71/18, Wadhwa Road, Naihati 047080",50000,Not Filed
PER00232,Sathvik Sengupta,1991-02-23,YNTYD7143C,"24/40, Dasgupta Path, Bally-504104",65000,Filed
PER00233,Girindra Sharaf,1993-08-22,YHCVX6269M,"81, Mahal Chowk, Sambalpur 715370",80000,Filed
PER00234,Widisha Naidu,1978-06-24,ZQMIL6861G,"657, Bail Path, Kolkata-884939",65000,Filed
PER00235,Diya Sathe,1990-02-15,QERSQ0117Y,"H.No. 527, Samra Zila, Amravati 644048",120000,Pending
PER00236,Watika Naik,2005-08-26,VVXAW8118I,"133, Soni Street, Mira-Bhayandar-421361",50000,Not Filed
PER00237,Chatresh Viswanathan,2004-03-14,IVJRX4090G,"H.No. 88, Bail Zila, Karimnagar 437857",65000,Pending
PER00238,Samar Kari,1967-12-30,LIZEY5250P,"42, Sura, Erode 597133",35000,Filed
PER00239,Tanveer Lad,1962-07-18,IBNRR6266J,"754, Butala Chowk, Allahabad-969161",65000,Filed
PER00240,Orinder Talwar,1967-09-18,QAVRW7455Z,"H.No. 32, Biswas Ganj, Kamarhati-008090",35000,Filed
PER00241,Januja Goyal,1982-04-26,YEPXA2216X,"H.No. 140, Batta Street, Loni-206898",45000,Not Filed
PER00242,Maanav Andra,1978-04-29,MTILE9977N,"920, Ben Chowk, Tirupati 502289",200000,Not Filed
PER00243,Qushi Krish,1972-10-01,WJQAV4530K,"25/917, Bhalla Nagar, Patna 972973",50000,Filed
PER00244,Varsha Pingle,1994-02-02,WNJKT2009T,"64/48, Kuruvilla Street, Thanjavur 309704",45000,Filed
PER00245,Ira Dhawan,1981-12-12,ERAMN2481D,"573, Singhal Path, Jalna 807660",35000,Filed
PER00246,Damini Dora,2002-03-14,OTDJW8176C,"H.No. 24, Sant Path, Gulbarga-182614",50000,Filed
PER00247,Oeshi Rama,1963-08-27,TRYVQ9195I,"025, Thakur Nagar, Katihar-716262",80000,Filed
PER00248,Isha Sani,1955-03-14,FGKRM5720Q,"H.No. 65, Loke Road, Begusarai-077789",50000,Filed
PER00249,Isaiah Srinivasan,1979-12-10,XPQWY9507O,"95, Viswanathan Path, Bangalore-827470",50000,Filed
PER00250,Anjali Murty,1996-02-04,IKTMK1800Y,"H.No. 62, Sharaf Nagar, Gopalpur-398769",45000,Filed
PER00251,Utkarsh Bhandari,1961-10-31,IEJXJ2642L,"29/61, Dutt Ganj, Meerut-508204",50000,Not Filed
PER00252,Sai Prashad,1991-03-11,RCVGX8994Z,"96, Lalla Nagar, Kumbakonam-709222",65000,Filed
PER00253,Rishi Jha,1986-04-14,EDXHP4587M,"H.No. 90, Chaudhry Chowk, Hajipur 392991",35000,Filed
PER00254,Mitali Devi,1979-09-03,GMNYQ5214X,"669, Bail Chowk, Nandyal-014599",35000,Filed
PER00255,Varenya Sarin,1985-07-01,UNVIP9427D,"325, Seth Street, Bhind 877162",80000,Filed
PER00256,Girish Basak,1981-11-13,NJZGX5338E,"H.No. 74, Luthra Marg, Serampore 023068",65000,Filed
PER00257,Samar Ramesh,1976-08-05,MKXAM1236F,"H.No. 11, Magar Zila, Ramgarh 441116",80000,Filed
PER00258,Maanas Bains,1970-06-09,XHWVN0178Q,"H.No. 60, Tara Nagar, Thrissur 021939",35000,Pending
PER00259,Oviya Doshi,1966-12-17,MJCNJ9217Y,"16/189, Ramakrishnan Circle, Ramgarh 469640",80000,Filed
PER00260,Samaksh Palla,1999-06-17,GWCKQ2954F,"63, Sarna Street, Satara-593716",35000,Filed
PER00261,Nimrat Wali,2004-02-22,BYCZI0571B,"83, Pandit Road, Dhanbad 229148",65000,Filed
PER00262,Radha Suri,1967-02-14,NGDLS1883S,"H.No. 332, Baral Path, Satna-208432",50000,Filed
PER00263,Saksham Balasubramanian,2006-06-10,GOKZD6730G,"327, Sheth Chowk, Madhyamgram 984932",65000,Filed
PER00264,Devika Minhas,1999-04-16,WNADJ9872K,"H.No. 294, Pillai Chowk, Mathura-730227",65000,Not Filed
PER00265,Sudiksha Mital,2001-06-18,JINSZ5263N,"16/287, Shetty Chowk, Moradabad 435959",35000,Pending
PER00266,Chandran Chauhan,1958-12-12,ZRJNZ0498A,"38, Vala, Vadodara 322470",45000,Filed
PER00267,Kamala Choudhry,1971-06-14,KJPOY8461O,"H.No. 07, Kuruvilla Street, Haldia 347996",50000,Filed
PER00268,Yamini Karpe,1969-07-10,ORYWX8843Z,"433, Kothari Circle, Surendranagar Dudhrej 213043",120000,Pending
PER00269,Eiravati Barman,1976-06-07,HFCLI7165I,"02/70, Mital Ganj, Faridabad-861538",65000,Filed
PER00270,Bhanumati Yogi,2003-03-17,BPEKR3926Q,"65/757, Sami Street, Hazaribagh 355984",50000,Filed
PER00271,Janani Lata,1981-06-28,BGCFG4202J,"98/058, Atwal Marg, Suryapet 263544",50000,Filed
PER00272,Sai Khatri,1967-04-01,CJZJY5442H,"91/268, Chaudhry Chowk, Tezpur-087351",80000,Filed
PER00273,Aishani Acharya,2001-09-14,JNNCR1724H,"H.No. 030, Goda Marg, Silchar 067329",200000,Filed
PER00274,Pushti Nagarajan,1984-05-22,HWAFU7760G,"760, Chokshi Path, Medininagar-499790",35000,Filed
PER00275,Tanveer Seth,1969-01-31,IOGDW1848T,"81, Doshi Path, Bangalore 348335",200000,Filed
PER00276,Falan Bhatt,1985-01-29,NRWZH7295X,"12, Dey Circle, Kharagpur 130081",45000,Filed
PER00277,Ikshita Chauhan,1966-02-04,OHMWX3798I,"H.No. 507, Kibe Road, Mahbubnagar 350927",50000,Filed
PER00278,Tara Kar,1966-07-15,MZDVP5733J,"H.No. 719, Mand Marg, Bareilly-896906",65000,Filed
PER00279,Abdul Bhatnagar,1992-07-24,GSCSH0539G,"24/530, Toor Circle, Avadi-434511",45000,Filed
PER00280,Reyansh Talwar,1958-08-27,AAUOU7365X,"H.No. 412, Mannan Circle, Karimnagar-285080",120000,Filed
PER00281,Unni Dube,1977-04-10,FRAOC0648N,"97/771, Natt Marg, Silchar 396007",80000,Not Filed
PER00282,Raagini Sankar,1959-09-02,HNCZT1210X,"H.No. 566, Bhat Road, Saharanpur-395259",45000,Not Filed
PER00283,Charvi Pingle,2006-07-09,UBZXF1205L,"86/75, Kalla Street, Darbhanga-306641",80000,Filed
PER00284,Raksha Deol,1964-09-19,YWXYP8743C,"22/78, Khatri Zila, Bareilly-052776",35000,Filed
PER00285,Leena Mukherjee,1989-04-09,QZVCB4743Q,"18/72, Chakrabarti, Guntakal 422921",50000,Not Filed
PER00286,Ubika Prashad,2007-01-23,BDWXL3975R,"69, Kaul, Ozhukarai 627129",35000,Filed
PER00287,Nikita Sarraf,1982-08-26,TKQTE7110A,"29/33, Kapoor Marg, Bokaro 965813",80000,Not Filed
PER00288,Niharika Yohannan,1964-04-29,PEUPD3639U,"415, Sen Street, Anand 964192",65000,Filed
PER00289,Dipta Narayanan,1976-12-12,KAJJV9465O,"H.No. 07, Gade Street, Gangtok 263865",45000,Pending
PER00290,Yashawini Mandal,1990-08-20,DGAEL2333Q,"H.No. 45, Sunder Zila, Kishanganj-943826",120000,Filed
PER00291,Zilmil Bava,1998-03-21,DJZOT3392T,"40, Mangal Street, Tiruchirappalli-221725",80000,Not Filed
PER00292,Wahab Krishna,1975-08-24,WGHVP1545Q,"03, Guha Path, Tezpur 133140",35000,Pending
PER00293,Anirudh Agate,1990-10-28,TXRUU0048A,"H.No. 17, Som Street, Vijayanagaram 208225",35000,Filed
PER00294,Girish Sahota,1988-07-07,CZKFY2678R,"76/752, Rege, Shimoga 967376",45000,Filed
PER00295,Megha Chaudhari,1983-11-23,USSOW9608I,"H.No. 225, Kade Street, Eluru 267206",45000,Filed
PER00296,Zarna Wason,1985-05-14,INQHP3743X,"H.No. 75, Nair Street, Hindupur 350002",35000,Filed
PER00297,Yochana Panchal,2003-04-02,MHPDC5558L,"H.No. 946, Banik Zila, Kolkata 844420",45000,Filed
PER00298,Ekantika Sarna,1964-08-15,MLCLL4334H,"65/15, Hegde Marg, Miryalaguda-704309",35000,Filed
PER00299,Edhitha Nori,1992-08-09,JYUJY2540V,"40/41, Pandya Marg, Kolhapur 975422",65000,Filed
PER00300,Zaitra Dhawan,2000-12-23,RBYNS6571Z,"26/80, Sabharwal Circle, Bulandshahr 577529",35000,Filed
PER00301,Isaiah Rege,1965-09-08,GLFAS8432J,"H.No. 54, Wali Nagar, Bareilly-633961",50000,Filed
PER00302,Gautami Nadkarni,2007-09-18,QSPZY2173I,"H.No. 041, Bhagat Marg, Pali-388042",200000,Filed
PER00303,Panini Ramesh,1997-12-22,ZBNRN7044P,"H.No. 29, Pai Nagar, Hazaribagh-991566",80000,Filed
PER00304,Kashish Nath,1993-11-15,PFHBX3587T,"59/849, D’Alia Ganj, Agartala 996304",45000,Filed
PER00305,Tamanna Bumb,1993-05-22,COIWS8935K,"52/248, Shanker Chowk, Mangalore 691378",65000,Filed
PER00306,Chaaya Golla,1961-12-15,JOYUU0577E,"H.No. 470, Agate Street, Machilipatnam-369304",50000,Filed
PER00307,Samaksh Gandhi,1976-08-19,MMNIX7997Q,"39/251, Goel Nagar, Tezpur-988268",35000,Not Filed
PER00308,Jagat Subramanian,1970-11-28,XFUEI3258E,"H.No. 87, Tripathi Circle, Morena 618399",35000,Not Filed
PER00309,Nilima Dayal,1966-02-25,AVJGX2808Y,"H.No. 89, Loke Ganj, Amroha 771397",50000,Filed
PER00310,Pavani Nori,1971-02-08,ODTKV5373T,"95/552, Sandal Zila, Bhimavaram 774465",45000,Not Filed
PER00311,Dalaja Mukhopadhyay,2000-07-04,WNTFA6088H,"16/586, Garde Road, Farrukhabad 384199",45000,Filed
PER00312,Ranveer Gopal,2000-12-08,IFMTV9958E,"197, Hayer Circle, Bilaspur-910737",45000,Not Filed
PER00313,Yashica Sankar,1962-06-25,WTTYQ4377U,"32/13, Hans Nagar, Raiganj-098738",35000,Not Filed
PER00314,Luke Sangha,1986-11-18,VVQAS1716H,"15, Sule Road, Berhampur 334215",50000,Filed
PER00315,Banjeet Thakur,1973-08-04,PSQRB1042G,"H.No. 430, Zacharia Nagar, Mango 953326",120000,Filed
PER00316,Ekalinga Gandhi,2004-11-14,PCWOQ3223Q,"H.No. 183, Ahuja Zila, Surendranagar Dudhrej-460520",50000,Not Filed
PER00317,Meghana Bera,2001-11-15,ISYKP7660N,"32, Bedi Street, Chinsurah 302763",45000,Filed
PER00318,Udarsh Dhaliwal,1993-09-21,YKLKH4640R,"66/64, Kari Nagar, Kadapa-700534",200000,Filed
PER00319,Aadhya Balasubramanian,1955-12-18,BKDWE7970C,"86, Sarna Zila, Shimla-731486",80000,Filed
PER00320,Anirudh Kalla,2003-06-21,IAFOZ6681K,"34/604, Madan Circle, Udaipur-811159",35000,Filed
PER00321,Patrick Kunda,2004-02-09,OLVOH1908J,"729, Batra Chowk, Bareilly-429473",50000,Filed
PER00322,Maanav Nazareth,1963-08-18,PJXPQ7776T,"34/41, Thakur Marg, Kalyan-Dombivli-171025",45000,Filed
PER00323,Veda Zachariah,1972-03-04,JDREP1675V,"00/84, Kaul Ganj, Bally 179185",50000,Filed
PER00324,Riya Gupta,1979-04-16,FQPVX1817I,"26/517, Naidu Zila, Parbhani 293535",50000,Filed
PER00325,Dayamai Mistry,1978-06-28,IZDMO2730I,"32, Thakkar Path, Bhiwani 898270",45000,Filed
PER00326,Ekanta More,1962-08-03,RQTBI1094S,"H.No. 84, Malhotra Ganj, Erode-189793",45000,Filed
PER00327,Aradhana Mangat,1972-03-16,GXRJO5686M,"93/68, Sane Marg, Pimpri-Chinchwad-407399",45000,Filed
PER00328,Ojas Kala,1957-07-06,UEGJJ6573T,"53/488, Dhar Circle, Bongaigaon-951672",65000,Filed
PER00329,Yachana Kapadia,1969-06-08,UIUCV9753I,"89, Kale Street, Ujjain-280963",50000,Filed
PER00330,Zilmil Sawhney,1964-03-09,YLSGQ2876G,"459, Parmer Ganj, Surat-881096",80000,Filed
PER00331,Avni Rattan,1986-07-14,FACWX1902B,"653, Chaudry Marg, Dehri 708730",65000,Not Filed
PER00332,Brijesh Kuruvilla,1962-07-24,EYEGO9113P,"21/604, Sankaran Ganj, Katihar-016082",50000,Filed
PER00333,Jalsa Om,1970-02-24,ESIRC1861A,"76/34, Sathe Nagar, Chandrapur 987360",35000,Filed
PER00334,Veda Merchant,1981-12-31,UBSRY7604B,"H.No. 689, Karpe Marg, Jodhpur-749222",50000,Filed
PER00335,David Ganesh,1961-09-28,LFYZE7368T,"92, Puri Zila, Muzaffarpur 900922",45000,Filed
PER00336,Dhriti Acharya,1995-08-01,JXRUL0444T,"H.No. 52, Borah Street, Parbhani 274607",45000,Filed
PER00337,Maanas Sharaf,1972-04-10,IVRXC0583V,"H.No. 63, Nadkarni Zila, Tadepalligudem 444284",35000,Filed
PER00338,Aashi Kalla,2004-05-09,PIJTX5684K,"26/169, Rao Path, Jammu 930746",35000,Filed
PER00339,Warhi Madan,1979-03-29,QLRYI0689Y,"33/87, Raj, Haldia 806193",45000,Filed
PER00340,Neel Bali,1960-12-15,IFSWO0313Z,"484, Cheema Road, Nashik 513341",200000,Filed
PER00341,Jalsa Murthy,1976-02-02,VBVYV4011D,"24/71, Kapadia Ganj, Nagercoil 044666",120000,Not Filed
PER00342,Balhaar Krishnan,1971-07-12,HPHUG7808L,"52/45, More Zila, Amroha 256082",120000,Filed
PER00343,Shaurya Sandal,1962-02-25,EIVFL2870D,"258, Chokshi Marg, Yamunanagar-987564",35000,Filed
PER00344,Kavya Vohra,1962-03-31,RHYKH5055L,"62/434, Keer Chowk, Bardhaman 014448",35000,Filed
PER00345,Upkaar Ratti,1996-01-12,EWBUV8626G,"917, Ravi Chowk, Bhimavaram 735359",50000,Filed
PER00346,Nathaniel Chaudhuri,1989-12-04,CILYT3883V,"18/810, Karan Ganj, Kulti 910675",80000,Filed
PER00347,Baghyawati Shroff,1958-09-16,NKAMR5780L,"77/03, Mand Path, Madhyamgram-512042",65000,Filed
PER00348,Avni Cheema,2004-05-24,VHWIR6401O,"357, Sibal Chowk, Bihar Sharif-316682",65000,Not Filed
PER00349,Tejas Lall,1987-03-05,CZLCG1293W,"112, Dutt Zila, Hosur-927077",35000,Filed
PER00350,Hemangini Chandra,1959-02-13,KRQWP7997V,"01/017, Anand Street, Delhi 949127",45000,Filed
PER00351,Kabir Bhandari,2007-03-30,OTGMX6612B,"H.No. 15, Goyal Street, Pudukkottai 642622",35000,Pending
PER00352,Sachi Kumar,1964-08-17,CYWAE9305R,"87, Arya, Agartala-718746",35000,Filed
PER00353,Saksham Gera,2000-04-04,ODPQY7591U,"76/925, Raval Zila, Mehsana-746358",45000,Filed
PER00354,Lakshmi Nair,1963-05-27,BLORZ2476U,"H.No. 80, Bir Marg, Pune-677340",0,Not Filed
PER00355,Daksh Sheth,1981-02-23,DLIBY9858F,"66/81, Dubey Road, Warangal 017220",80000,Not Filed
PER00356,Ira Parmer,1988-08-13,LJIGE2023I,"H.No. 85, Suresh Ganj, Ajmer 528585",50000,Filed
PER00357,Aryan Bassi,1992-01-17,MPDXA2367C,"H.No. 662, Singh Marg, Karaikudi-127237",35000,Not Filed
PER00358,Irya Agarwal,2002-08-28,FGOPY5307N,"10/850, Dar Marg, Bhind-352847",45000,Filed
PER00359,Owen Saini,1975-08-05,QBKFI9041H,"969, Nadkarni Zila, Akola 225094",35000,Filed
PER00360,Krish Ahluwalia,1978-10-11,AQFTW5314Q,"H.No. 753, Rattan Zila, Tadepalligudem 750286",35000,Not Filed
PER00361,Zayyan Mallick,2006-05-29,UXMVC0675L,"89, Varughese Ganj, Motihari-477304",50000,Not Filed
PER00362,Amara Srinivas,1992-01-25,BFGBS8377F,"H.No. 607, Sagar Chowk, Thrissur 156592",65000,Filed
PER00363,Tanay Bhatti,1962-05-14,PNVBE2582Q,"24/21, Sabharwal, Belgaum 445401",45000,Pending
PER00364,Bhavya Lad,1986-09-04,NXYDF5509J,"35/634, Basu Zila, Secunderabad 974807",35000,Not Filed
PER00365,Omisha Wadhwa,2000-01-26,MKPCW8421F,"25/456, Roy Road, Udaipur 800293",50000,Not Filed
PER00366,Jagat Madan,1960-03-13,JJGCL9109Z,"55/78, Naik, Bathinda 237251",50000,Not Filed
PER00367,Forum Bora,1966-09-22,TGVZP9628X,"26, Choudhary Road, Sambhal-441304",35000,Filed
PER00368,Hitesh Bhakta,1970-09-06,WATGE4686C,"33, Kapadia Street, Bongaigaon-430888",45000,Filed
PER00369,Liam Suresh,1958-03-05,AYMKI0951K,"124, Chhabra Ganj, Karaikudi-880665",45000,Filed
PER00370,Oliver Lal,1999-12-08,JAOZK2504P,"61, Dyal Road, Faridabad 279010",65000,Filed
PER00371,Nandini Buch,1991-02-13,PRVDY3651O,"27, Borde Marg, Bidhannagar 651561",35000,Filed
PER00372,Xalak Rana,1958-05-13,RMJRK5805X,"42, Bains Road, Morena 344033",35000,Filed
PER00373,Veer Pillay,1983-06-08,ZVZCO9467J,"299, Varghese Zila, Udaipur 866120",65000,Not Filed
PER00374,Yadavi Bora,1986-01-22,BUFSP7108O,"45/936, Anand Street, Madhyamgram 016949",35000,Not Filed
PER00375,Jairaj Varma,1964-12-11,BSGFC9616C,"H.No. 001, Saha Marg, Machilipatnam 639135",45000,Pending
PER00376,Thomas Garg,1961-03-15,OYAQG9922I,"21/35, Bawa Zila, Saharsa 479445",65000,Filed
PER00377,Maya Nadig,1969-05-15,GSEAY8491D,"52, Narula Path, Mira-Bhayandar 710455",200000,Filed
PER00378,Sanya Narula,1998-01-19,MISDS8237W,"28/777, Kuruvilla Path, Jaunpur-685489",45000,Not Filed
PER00379,Bishakha Gola,1963-11-19,FJGUY4062Y,"H.No. 556, Som Nagar, Danapur-245113",0,Pending
PER00380,Gaurang Bera,1968-09-30,ZGYPK6177V,"72, Goswami Road, Gandhidham-370646",80000,Filed
PER00381,Tanmayi Mall,1959-11-24,HFUYN2798M,"18, Mital Marg, Latur-731595",0,Filed
PER00382,Caleb Mody,1971-10-03,CPPXK5626G,"H.No. 44, Mangat, Jaipur 316394",120000,Not Filed
PER00383,Hritik Kalita,1966-12-10,ZKTWJ0969X,"149, Manda Path, Arrah 199585",45000,Filed
PER00384,Chakradev Wason,1996-02-23,DMMKY2653O,"60/20, Som Chowk, Dindigul 199459",45000,Not Filed
PER00385,Manan Reddy,1974-11-10,WCDUQ9346A,"H.No. 197, D’Alia Zila, Jehanabad 209692",35000,Not Filed
PER00386,Warda Sur,1956-01-29,RCXYP0305D,"H.No. 81, Raju Circle, Jhansi-766082",50000,Filed
PER00387,Girik Ramanathan,1964-06-24,URKYR4722O,"H.No. 303, Madan Marg, Kirari Suleman Nagar 645148",35000,Filed
PER00388,Veer Khosla,2002-01-12,KTRZX2719L,"H.No. 51, Korpal Ganj, Phagwara 887051",65000,Pending
PER00389,Mahika Gill,1982-07-09,WPLAN2461I,"08/317, Sarma Road, Aligarh 908393",35000,Filed
PER00390,Wridesh Brar,1989-10-06,OIEVR5446Z,"39/837, Kulkarni Path, Pudukkottai-619465",80000,Filed
PER00391,Jagat Kata,1970-07-10,HVYCU1345J,"04/605, Gola Street, Anantapuram 134796",35000,Filed
PER00392,Aashi Menon,1955-12-19,XQQMX1981C,"H.No. 843, Master Street, Ahmedabad-858020",45000,Not Filed
PER00393,David Vaidya,1993-05-16,YUVNU1682T,"687, Brar Circle, Phusro-455258",50000,Filed
PER00394,Chatura Ganesan,2007-12-21,VNWOA2306T,"73/740, Memon Zila, Salem-254486",50000,Filed
PER00395,Balveer Seth,1991-09-25,RBXYN0347J,"16/32, Sheth Circle, Bhatpara 071418",0,Filed
PER00396,Bhavya Pai,1955-02-10,PKZHU4617S,"32/618, Mane Path, Gulbarga 282593",65000,Filed
PER00397,Christopher Murthy,2003-05-18,BYLAK0340S,"75/04, Loyal Street, Jorhat 366745",65000,Pending
PER00398,Hamsini Bhakta,1981-03-04,RXVIA7449Y,"95, Kaur Street, Jaipur-531440",200000,Filed
PER00399,Faqid Hayre,1957-12-12,UJMJF3361V,"11/21, Sule Nagar, Ichalkaranji-121542",200000,Filed
PER00400,Mekhala Sandal,1995-02-12,OUXAH8841K,"71/913, Chahal Path, Rewa 396883",50000,Pending
PER00401,Ishani Vasa,1991-09-29,GQPAK0297D,"H.No. 69, Madan, Dindigul-227259",45000,Filed
PER00402,Oviya Merchant,1983-11-03,KPAKC8915Q,"253, Munshi, Arrah-876190",45000,Not Filed
PER00403,Priya Dutta,1999-08-13,RCCXV5522P,"69, Wason Street, Guntur-683707",35000,Not Filed
PER00404,Manan Bail,1993-12-30,EYXHS9890J,"76/44, Loke Zila, Nandyal-708096",35000,Filed
PER00405,Akshay Sathe,1997-04-23,TGWIB8615K,"H.No. 832, Shenoy Marg, Hajipur-159226",35000,Filed
PER00406,Vedhika Chandra,1992-03-21,GGHUG1458X,"H.No. 819, Ramaswamy Street, Bathinda 342644",65000,Not Filed
PER00407,Keya Srinivasan,1982-05-20,BDMYV7748U,"11/373, Natarajan Nagar, Ichalkaranji-318935",45000,Not Filed
PER00408,Faris Bail,1996-07-27,YVXEE0204T,"H.No. 10, Arora Path, Munger-859769",65000,Not Filed
PER00409,Ria Hegde,1977-06-24,UNCST5760F,"67/216, Puri, Mau-790958",50000,Filed
PER00410,Bahadurjit Khosla,1989-04-13,SCDIE8555I,"H.No. 33, Shukla Chowk, Raichur 746926",65000,Filed
PER00411,Falak Pandit,1959-11-16,OLLGR2481U,"81/00, Mander Nagar, Lucknow-666032",50000,Filed
PER00412,Liam Rastogi,1968-11-30,OWRYU4361Y,"880, Trivedi Nagar, Shimoga-328750",65000,Filed
PER00413,Triya Rege,1992-10-09,UXHYU9212E,"H.No. 87, Ramachandran, Nashik-811276",50000,Filed
PER00414,Yashasvi Reddy,1974-08-19,QYLUT1750S,"H.No. 735, Keer Ganj, Bongaigaon 254224",120000,Pending
PER00415,Kevin Bir,1960-11-12,UMJTG6289Z,"H.No. 904, Divan Road, Coimbatore-446837",45000,Filed
PER00416,Mugdha Kapadia,1998-12-28,XGADG1419Q,"57/008, Dugar Road, Dindigul-177504",50000,Filed
PER00417,Amara Thaman,1987-01-21,ARVYZ9488W,"75/67, Sarraf Ganj, Darbhanga-385477",35000,Filed
PER00418,Hiral Vasa,1965-01-16,AVUSJ6889I,"50/49, Som Road, Mahbubnagar-810430",35000,Not Filed
PER00419,Gunbir Pradhan,1982-02-17,YMDWB7260O,"H.No. 51, Barman Zila, Khora -825189",65000,Pending
PER00420,Ranveer Wadhwa,2007-05-16,LVGDB9002B,"86/225, Apte Nagar, Pudukkottai-579176",50000,Filed
PER00421,Dominic Manda,1992-09-01,BROTY1250I,"992, Raju Marg, Akola 305190",50000,Not Filed
PER00422,Veer Bahl,1974-12-28,LDKYW4727N,"30/90, Madan Nagar, Jaipur-145806",120000,Not Filed
PER00423,Janya Hayre,1968-11-21,OHRYE8621M,"69/59, Raman Road, Darbhanga 533812",80000,Filed
PER00424,Max Sha,1975-05-31,CRSXT3596F,"23, Vyas Circle, Rohtak 558994",50000,Not Filed
PER00425,Hritik Raval,1991-07-16,UGXAX0596I,"H.No. 165, Manda Road, Tezpur-145547",65000,Not Filed
PER00426,Kala Balan,1966-06-08,EEGKS9570R,"45/56, Kade Ganj, Kavali 585910",65000,Filed
PER00427,Omisha Kala,1984-12-24,MNYOW7075I,"011, Buch Circle, Ambattur-501742",45000,Filed
PER00428,Elijah Prasad,1971-02-28,XMCKK8451O,"12/531, Shenoy Circle, Gurgaon-388537",50000,Filed
PER00429,Tanveer Kala,1988-05-31,XVJDK4790P,"22/88, Agarwal Ganj, Allahabad-326431",120000,Filed
PER00430,Michael Kala,1964-11-14,GLBPU8814I,"H.No. 91, Kumar Road, Ramgarh 696068",35000,Filed
PER00431,Gabriel Choudhary,1988-07-28,WBKAC1810Q,"759, Krish Road, Gurgaon 100924",45000,Filed
PER00432,Samesh Divan,2005-08-19,BOBQX2214X,"577, Saraf Zila, Bhavnagar 603679",50000,Filed
PER00433,Ansh Patel,1978-04-22,XJMDO5595X,"H.No. 56, Parikh Street, Jamshedpur 547237",45000,Filed
PER00434,Idika Seshadri,1996-03-21,BABZJ7689Y,"63, Saxena Nagar, Mira-Bhayandar-493492",65000,Filed
PER00435,Warda Kara,2001-12-11,MQWTA6104S,"062, Dara Chowk, Hajipur-607107",65000,Not Filed
PER00436,Tara Golla,1965-03-30,FHHOX1444X,"H.No. 465, Murthy Path, Sagar-532017",50000,Filed
PER00437,Michael Walla,2001-07-23,SAOFE5581F,"035, Arora Path, Vijayawada 139853",45000,Filed
PER00438,Chandran Bhakta,1958-07-30,TWNZC1593J,"11/09, Bhattacharyya Ganj, Maheshtala 832867",35000,Filed
PER00439,Baghyawati Narula,2004-04-19,ZACAH1989V,"83/13, Dube Road, Bharatpur-878691",80000,Filed
PER00440,Sneha Krishnamurthy,1992-10-21,GNEJT9921Z,"80/85, Nori Ganj, Srinagar-895899",65000,Not Filed
PER00441,Xiti Bala,1972-12-18,PGEHD4744I,"H.No. 84, Badal, Jalgaon-261856",50000,Filed
PER00442,Yashasvi Saini,1956-08-28,NROJI1262U,"26/346, Raj, Giridih-151628",45000,Filed
PER00443,Abeer Garde,1966-12-01,IBPVR3437C,"76, Modi Road, Dewas-672398",120000,Pending
PER00444,Jason Sagar,1959-12-25,LWWJW1198I,"H.No. 073, Singh Circle, Jammu 417310",35000,Filed
PER00445,Falak Thakkar,2005-12-06,NZCRB5072V,"H.No. 642, Uppal Path, Bokaro-492727",50000,Filed
PER00446,Meera Handa,1963-10-01,GYLXY5516R,"03/977, Dara Ganj, Siliguri-129838",50000,Filed
PER00447,Tanvi Nagi,1989-06-08,LULPA2807L,"H.No. 325, Mani Path, Tenali 719218",200000,Filed
PER00448,Tanmayi Bandi,1973-05-01,ORXPP4265I,"H.No. 78, Luthra Road, Vijayawada-572946",45000,Filed
PER00449,Tejas Johal,2008-01-06,MXDYC9773J,"H.No. 910, Bora Nagar, Amritsar-355854",35000,Filed
PER00450,Chameli Date,1976-03-17,BOGZO1430N,"44, Baria Zila, Ramagundam 701485",35000,Filed
PER00451,Krish Mody,1996-07-07,LNXPM4581H,"728, Swamy Ganj, Amaravati 153042",65000,Not Filed
PER00452,Warinder Natt,2004-05-15,VIKQE6669M,"13/911, Dalal, Kottayam 411206",45000,Not Filed
PER00453,Nathan Gola,1978-04-24,ATDYQ9831N,"H.No. 97, Narayanan Path, Delhi 484008",80000,Not Filed
PER00454,Triveni Ganesh,1995-11-15,ZLZAF7520P,"H.No. 24, Kala Ganj, Guwahati-451830",35000,Pending
PER00455,Jeet Pandey,1960-06-01,HNTUW5761G,"61/83, Memon Marg, Maheshtala 528645",45000,Filed
PER00456,Oeshi Bhatnagar,1974-06-12,XVVXJ7608S,"12, Sharma Street, Dindigul 382855",200000,Pending
PER00457,Upkaar Rai,2006-08-14,ALGFR2133L,"83/900, Grover Ganj, Kurnool-893026",65000,Not Filed
PER00458,Nitara Mandal,1975-09-22,EZQJD7699O,"63, Balan Chowk, Ujjain-706980",50000,Filed
PER00459,Barkha Dora,1973-12-17,QHXWN3683C,"H.No. 297, Loyal Street, Malegaon 542984",50000,Filed
PER00460,Forum Chatterjee,1994-05-23,POLQO6238U,"32, Khare Chowk, Ratlam-642250",45000,Filed
PER00461,Zinal Agarwal,1956-02-24,TCONK9297O,"552, Kunda Circle, Guntakal-435328",45000,Filed
PER00462,Vihaan Sehgal,1996-03-21,CXVVP6398T,"H.No. 021, Bhasin Path, Nellore 192324",80000,Filed
PER00463,Nachiket Karnik,1965-07-24,VIGYY3965C,"H.No. 004, Datta, Hapur 596712",50000,Pending
PER00464,Ayaan Nayak,1993-06-17,JHRQL6932F,"312, Banik Zila, Miryalaguda 551296",65000,Filed
PER00465,Omya Comar,1974-05-04,VGZLB2597D,"95, Barman Nagar, Khammam-558994",35000,Filed
PER00466,Gautam Chakraborty,1958-07-05,CENFF7526M,"334, Ganesh Path, Asansol-891427",50000,Filed
PER00467,Gayathri Nori,1986-04-30,MFBPU0802F,"H.No. 94, Kaur Path, Kamarhati 660816",200000,Filed
PER00468,Ayaan Tella,1991-10-10,HKCIY1599P,"H.No. 42, Buch Zila, Shimla-140547",35000,Pending
PER00469,Dakshesh Kapur,1979-10-27,IYDKY1117W,"86, Palan, Sri Ganganagar-794354",45000,Filed
PER00470,Akshay Goswami,1977-02-25,DSURR8154G,"88/86, Malhotra Road, Surendranagar Dudhrej 326123",120000,Filed
PER00471,Zashil Narayan,1997-11-24,KMQBA3113O,"35/70, Edwin Marg, Sultan Pur Majra-131256",45000,Filed
PER00472,Harsh Zacharia,1964-11-04,EVNHQ8947B,"543, Mohanty Path, Bally 013899",45000,Not Filed
PER00473,Daniel Sama,1973-12-06,GTEIM7571W,"84, Dugal Nagar, Bathinda-327278",80000,Filed
PER00474,Xavier Devi,1972-03-23,HZMAU4828N,"98/67, Dani Street, Machilipatnam 346933",80000,Filed
PER00475,Mason Vaidya,1973-10-14,JDLOQ7248Q,"H.No. 995, Comar Path, Guntur 312936",50000,Filed
PER00476,Hemani Samra,2002-11-17,UPSIH4271L,"43/99, Prabhakar Road, Eluru-246581",80000,Filed
PER00477,Neha Rai,2003-04-15,HNKGH7217A,"34/909, Divan Ganj, Alappuzha 057758",45000,Not Filed
PER00478,Yochana Wable,1991-10-09,DPLTN3565J,"44, Wagle Ganj, Raiganj 359210",50000,Filed
PER00479,Girik Mohanty,1977-06-20,UEDGN5555B,"80/671, Varma Chowk, Agra-348477",65000,Filed
PER00480,Forum Swamy,1980-07-20,JFNGA5936N,"H.No. 594, Wable Zila, Madurai-163093",50000,Filed
PER00481,Nachiket Nanda,1975-02-13,LKTDX6202L,"552, Varty Chowk, Guwahati 217881",200000,Not Filed
PER00482,Nitesh Randhawa,1963-11-15,COJMI8900W,"850, Sankar Ganj, Katihar-335954",0,Filed
PER00483,Darika Bhandari,2008-01-13,LDSBA5206N,"39/16, Khalsa Street, Bhiwandi-593329",35000,Filed
PER00484,Hemang Chopra,1962-08-17,BFXME1717W,"67/670, Sarin Ganj, New Delhi-642157",0,Filed
PER00485,Mitali Rout,1955-07-28,PXNHW0415Q,"95, Sood Road, Karimnagar-099428",80000,Filed
PER00486,Udant Chanda,1997-04-03,TEHNH3630D,"H.No. 73, Kapadia Street, Ghaziabad 674721",80000,Not Filed
PER00487,Vedant Master,1973-12-27,VRMYY7652L,"31/232, Taneja Ganj, Singrauli 467786",65000,Filed
PER00488,Amara Hayre,1959-02-22,TPPJT5335U,"H.No. 32, Doctor Circle, Sambhal 171939",65000,Not Filed
PER00489,William Kumar,1974-08-02,HRVYE3754M,"202, Yadav Circle, Bhimavaram 050481",0,Pending
PER00490,Anthony Ravi,1990-06-06,RTQEF7034E,"60/73, Pandya Marg, Bhimavaram 746546",35000,Filed
PER00491,Udyati Mistry,1971-02-22,RXITL7782Q,"H.No. 294, Koshy Road, Pudukkottai 321718",35000,Filed
PER00492,Dalaja Sankaran,2003-07-26,UOPCI0892M,"52/560, Viswanathan Road, Hapur 125640",50000,Filed
PER00493,Gagan Mammen,2007-11-02,VNKKM7722X,"17, Raval Ganj, Giridih-482880",50000,Filed
PER00494,Harinakshi Saxena,1976-04-18,OQYGM2820P,"958, Ramesh Nagar, Kalyan-Dombivli 728231",45000,Filed
PER00495,Veda Grewal,1959-04-16,NWCJM0252E,"46/234, Patla Chowk, Sultan Pur Majra 384756",45000,Filed
PER00496,Zaid Apte,1991-12-14,BCOWW5324K,"40/552, Bakshi Street, Bareilly 999666",35000,Filed
PER00497,Gaurika Pandya,2000-11-13,OPXLI2518K,"H.No. 927, Basu, Dhule 857116",65000,Filed
PER00498,Aradhana Kari,1999-05-25,LEWOT1661C,"62, Prabhakar, Khandwa 097813",65000,Pending
PER00499,Ria Konda,1995-07-16,VZBSW1955E,"81/128, Kuruvilla Road, Kurnool 060444",65000,Filed
PER00500,Hitesh Tripathi,2005-04-15,CFNAG9155W,"H.No. 027, Sami Road, Ludhiana-375343",65000,Filed
PER00501,Zehaan Mukherjee,1980-02-02,FSLDF3809R,"H.No. 594, Kothari Chowk, Bhavnagar 661705",50000,Filed
PER00502,Aashi Memon,1991-06-15,ROAML8567C,"H.No. 25, Prasad Chowk, Chittoor 379350",45000,Filed
PER00503,Hemal Radhakrishnan,1992-11-26,POADE1192H,"H.No. 54, Dara Street, Fatehpur 277788",200000,Not Filed
PER00504,Upadhriti Bhasin,1969-07-31,LAJXN0349R,"H.No. 385, Bawa Zila, Orai 742275",45000,Filed
PER00505,Saksham Uppal,1974-01-21,WCDTE1642F,"76/999, Balay Circle, Chandrapur-781276",80000,Filed
PER00506,Nandini Sane,1957-05-06,WOTUD1027M,"H.No. 686, Vasa Circle, Sonipat 714495",35000,Filed
PER00507,George Nazareth,2006-06-09,BXBIY7299W,"H.No. 33, Bahl Marg, Bellary 366662",45000,Filed
PER00508,Udarsh Grewal,1966-10-11,AXMHG2183G,"00, Sampath Nagar, Bhiwani 374304",50000,Filed
PER00509,Darpan Kalita,1988-09-03,HSDVF2296G,"29, Manda Marg, Hosur 433657",35000,Filed
PER00510,Rehaan Dey,1999-08-16,LRJWZ8532I,"611, Khalsa Street, Dharmavaram 081767",35000,Filed
PER00511,Henry Dhawan,1956-01-26,QBMDQ9905V,"45/468, Murty, Jamshedpur-438769",35000,Filed
PER00512,Radha Pall,2006-02-17,ITMVL9082F,"46/65, Bahri Ganj, Thane 336550",65000,Filed
PER00513,Ishani Dash,1973-03-23,GLFAH8101Z,"91, Bansal Street, Raipur 487671",50000,Filed
PER00514,Wakeeta Peri,1990-06-25,NYTAC2737T,"83, Chander Road, Kakinada-997166",35000,Not Filed
PER00515,Zayyan Gera,1970-04-06,HHTQL9634P,"570, Vala Street, Jalgaon 607982",0,Filed
PER00516,Neelima Mandal,2007-04-07,MSEFM5059C,"74, Upadhyay Circle, Begusarai-601249",50000,Filed
PER00517,Nandini Butala,1980-09-13,TDGWG7089T,"712, Purohit Street, Dharmavaram-918546",65000,Not Filed
PER00518,Aadhya Varghese,2005-05-03,LLINV7459M,"23/35, Parmar, Sangli-Miraj & Kupwad 597043",35000,Not Filed
PER00519,Rishi Khare,2006-09-30,FTDWU4112D,"H.No. 072, Comar Chowk, Danapur 204783",65000,Pending
PER00520,Adweta Som,1976-09-04,ZXOVJ5389T,"832, Merchant Path, Asansol-496744",45000,Filed
PER00521,Udyati Bassi,2006-09-16,LJRXU9038U,"390, Bava Marg, Agartala 915053",35000,Filed
PER00522,Zashil Basak,1965-03-05,BGEJC7184C,"169, Chad Street, Jammu-632670",200000,Filed
PER00523,Tristan Golla,1964-04-06,IRQOD6681P,"84/62, Trivedi Ganj, Durg 357890",45000,Filed
PER00524,Anita Devi,1991-10-17,KQJJD3299E,"32/510, Bhatia Chowk, Nandyal 912998",35000,Filed
PER00525,Amara Virk,1966-10-29,AAEYK0965O,"69/06, Dube Road, Kakinada-676014",35000,Filed
PER00526,Ishanvi Suresh,2003-04-07,OFAXH9375U,"61, Biswas Street, Bongaigaon 926394",50000,Pending
PER00527,Rohan Pant,1971-04-18,RKATD9406E,"64, Baral, Bhilwara-131219",80000,Filed
PER00528,Sachi Grover,1995-11-06,NZUFE1563W,"H.No. 095, Nayar Ganj, Amaravati 809775",200000,Pending
PER00529,Frado Sodhi,1979-07-15,IUZCX9381K,"11/34, Shukla Marg, Cuttack-019311",80000,Filed
PER00530,Charita Sani,1999-09-15,JYVBP7760F,"H.No. 720, Balan Circle, Raichur 190210",45000,Filed
PER00531,Yauvani Yogi,1965-02-09,XMZQU4584L,"H.No. 313, Luthra Marg, Mumbai 431051",120000,Filed
PER00532,Aarna Ganesan,1961-11-28,LYEST9242I,"76, Krishnan Road, Gurgaon-146688",35000,Filed
PER00533,Ronith Arya,1958-08-31,SMVZV6077T,"59/09, Sachar Circle, Haridwar-326897",65000,Filed
PER00534,Dakshesh Pandit,2002-11-20,TCTKQ5082P,"13/738, Chaudhuri, Mysore 526545",65000,Filed
PER00535,Aahana Kumer,1992-05-22,CZTLQ3825J,"62/613, Dara Nagar, Udupi-707629",120000,Pending
PER00536,Raagini Samra,1994-02-28,RSWWJ8842R,"H.No. 189, Pandya Nagar, Alappuzha-530945",50000,Not Filed
PER00537,Libni Koshy,2001-06-06,UDJLS3505R,"802, Dass Street, Anand 844501",35000,Filed
PER00538,Rohan Venkataraman,1979-02-05,JZSPD9332Q,"57/17, Deshmukh Nagar, Durgapur 190208",200000,Filed
PER00539,Krishna Venkatesh,1956-06-06,LUDAT4897L,"249, Sheth Zila, Vijayanagaram-518299",65000,Filed
PER00540,Ekaraj Kata,1983-08-16,HSCRU4249C,"80/86, Mitter Marg, Begusarai 129333",80000,Pending
PER00541,Chasmum Chakraborty,1972-05-09,OVACD3957V,"524, Buch Road, Serampore 806677",35000,Filed
PER00542,Yutika Muni,1959-05-22,VVOHP2411N,"142, Sarkar Ganj, Nashik 602356",50000,Filed
PER00543,Urvi Jaggi,1961-09-16,NMYGZ6092B,"85/29, Kanda Circle, Ambattur-677014",50000,Filed
PER00544,Advay Arya,1999-07-24,PEWZQ6935T,"H.No. 59, Mann Chowk, Satna 576775",50000,Filed
PER00545,Udyati Tripathi,1971-02-22,UYJZX9669W,"64/668, Pingle Marg, Bihar Sharif-667893",80000,Filed
PER00546,Jacob Handa,1968-04-01,YEKIJ7864Q,"H.No. 359, Shenoy Zila, Etawah 383821",80000,Pending
PER00547,Zashil Patel,1955-09-17,OMTSB8912I,"77/096, Char Path, Visakhapatnam 483728",35000,Not Filed
PER00548,Teerth Sarraf,1959-09-20,EVVXT5464M,"78/82, Palan Ganj, Thrissur 856387",65000,Pending
PER00549,Jacob Hans,1990-12-28,ZLQSP4901R,"23/12, Bumb Street, Thiruvananthapuram 935634",80000,Not Filed
PER00550,Luke Andra,2004-03-22,JJTVV4981P,"98/02, Sarna Zila, Farrukhabad-237944",35000,Filed
PER00551,Radha Biswas,1971-06-30,LTXFD4882O,"H.No. 461, Mukhopadhyay Marg, Bharatpur 169971",65000,Not Filed
PER00552,Ayushman Basu,1974-10-03,JPCDN7755T,"48/725, Sen, Morbi-994505",80000,Filed
PER00553,Jai Pradhan,1994-07-04,YDEQM7583R,"73/25, Venkataraman Path, Pimpri-Chinchwad-623758",50000,Filed
PER00554,Advika Sekhon,1998-03-13,SBGEC4482F,"65, Dewan Zila, Bettiah-759172",120000,Not Filed
PER00555,Zayyan Shah,1960-01-19,HFFSL8236B,"H.No. 693, Mand Marg, Sirsa-362594",45000,Filed
PER00556,Rishi Ganesh,1987-12-26,FLKCY0462S,"42, Mane Circle, Jalgaon 396671",50000,Pending
PER00557,Thomas Maharaj,1972-10-20,ALIUK7313Q,"13, Puri Nagar, Farrukhabad 667765",65000,Filed
PER00558,Hemang Jaggi,1960-12-08,KWMJC7007J,"81, Chad Path, Bardhaman-176105",35000,Not Filed
PER00559,Yahvi Nazareth,1962-03-04,DGSCF2126C,"32, Kade Marg, Rourkela 251963",80000,Filed
PER00560,Yashawini Batta,2005-02-15,SDKJM0341L,"H.No. 473, Wagle Road, Madanapalle 197783",35000,Pending
PER00561,Chameli Khurana,1966-09-20,VMZTC3651E,"09, Yohannan Street, Sambhal-782543",35000,Filed
PER00562,Meghana Arya,1967-05-18,XTNRN3326C,"75/069, Bhatia Ganj, Bhiwani-157367",45000,Filed
PER00563,Harsh Sarin,1959-06-18,DMQGB2608Y,"H.No. 557, Dey Marg, Ahmedabad 180434",35000,Filed
PER00564,Pavani Nadig,2006-11-17,LVWCW3269D,"34, Varty Ganj, Shivpuri-317876",45000,Not Filed
PER00565,Anya Pradhan,1977-06-29,EWIHF6434W,"60/384, Goda Road, Udupi-169754",50000,Filed
PER00566,Xavier Narula,1970-12-07,PCQWC1066A,"97, Chad Street, Nagpur-433325",35000,Filed
PER00567,Girish Muni,1968-01-29,KHDDE9234A,"16/38, Kota Street, Bhilai-279592",50000,Filed
PER00568,Darsh Minhas,1990-12-10,YKQFJ2650S,"H.No. 39, Verma Zila, Silchar-568881",45000,Filed
PER00569,Kiaan Mandal,1981-06-18,BQNUQ9176O,"65/774, Dara Marg, Patna-737683",0,Filed
PER00570,Benjamin Barman,1977-07-31,JXAAL5281O,"71, Batta Circle, Pimpri-Chinchwad 241554",45000,Not Filed
PER00571,Nikita Deshmukh,1988-03-09,ADTOB2010E,"21/27, Sarna Marg, Madhyamgram-244886",50000,Filed
PER00572,Jackson Hans,2001-09-30,WLBDQ3722F,"452, Mutti Path, Gulbarga 816764",50000,Filed
PER00573,Karan Khosla,1961-08-13,PUZKS1036Y,"57/67, Brar Path, Dhanbad-878558",65000,Filed
PER00574,Leela Shroff,1996-05-28,UURFL3821G,"H.No. 313, Arya Path, Miryalaguda 463593",65000,Filed
PER00575,Chasmum Sood,1958-08-28,CMYCR7170R,"55/848, Sane Zila, Chapra-441066",35000,Filed
PER00576,Nitesh Gour,1970-05-14,XRDRA1264T,"67/859, Peri Marg, Dewas 080017",45000,Not Filed
PER00577,Kiaan Raj,1976-01-06,SKSMP4552K,"01/978, Dixit Ganj, Malegaon 713887",45000,Pending
PER00578,Chaaya Nori,1965-04-14,UIPTD7233V,"591, Buch Ganj, Bokaro-537704",45000,Filed
PER00579,Adweta Deep,1985-06-30,MYCVK8870Q,"255, Hayer Street, Mangalore-288125",80000,Filed
PER00580,Vritti Balan,1960-12-03,QMQZO1768C,"83/025, Roy Circle, Chapra-482706",45000,Filed
PER00581,Kritika Pathak,1976-08-11,OCQHF7381P,"H.No. 322, Divan Street, Bhagalpur 275385",65000,Pending
PER00582,Samaksh Gour,1977-07-22,CJWUP1974M,"74/46, Rajagopal Path, Bareilly-941513",0,Filed
PER00583,Tejas Ram,1990-05-31,SYFXK8153O,"H.No. 28, Kohli Path, Bhavnagar-645958",45000,Filed
PER00584,Unni Dewan,1998-09-24,ECRFS4808D,"352, Gara Circle, Anantapuram-952547",35000,Filed
PER00585,Janya Lad,1960-11-23,GLGCO5196T,"H.No. 372, Ravi Road, Belgaum-808885",80000,Filed
PER00586,Rushil Kothari,1996-09-12,WFLKU2051S,"583, Talwar Road, Darbhanga 608083",35000,Not Filed
PER00587,Zaid Bhatnagar,1994-12-12,MCTFK5073G,"17, Ramakrishnan Street, Ujjain-271589",45000,Not Filed
PER00588,Abdul Walla,1979-06-21,QKHUK1206N,"H.No. 350, Dugar Chowk, Nanded 245923",35000,Not Filed
PER00589,Deepa Sampath,1976-12-28,BYVFR2796X,"20/63, Saraf Circle, Udupi 309157",65000,Filed
PER00590,Yuvraj Ramakrishnan,1982-12-15,CFUWU0914L,"89/513, Rana Marg, Muzaffarnagar 810755",0,Pending
PER00591,Girindra Vig,1996-05-11,ZGRJV5959R,"H.No. 982, Kar, Mysore 710308",65000,Filed
PER00592,Ekbal Sagar,1955-07-11,CCPUK9333A,"H.No. 14, Shetty Road, Jabalpur 517387",65000,Filed
PER00593,Gauri Karnik,1978-09-12,CBWWU4924B,"777, Batta Marg, Mathura-491925",50000,Pending
PER00594,Owen Bir,1991-02-26,VXQHS5583R,"H.No. 258, Raval Ganj, Dhanbad 348054",0,Filed
PER00595,Kashvi Bhardwaj,1966-06-08,UFCOV4114I,"05, Manne, Vellore-983471",0,Not Filed
PER00596,Samaksh Patil,1985-02-27,ZGCWR9330S,"H.No. 26, Varma, Ambattur 466419",35000,Filed
PER00597,Gavin Chhabra,1963-10-23,YYWNU1210T,"44/978, Lalla Marg, Latur-259837",50000,Filed
PER00598,Kritika Nigam,1995-04-15,OGVDB0235N,"83, Reddy Nagar, Bokaro 986398",45000,Filed
PER00599,Simon Dubey,2003-02-27,QGPJP1531S,"37/212, Rajan Chowk, Tiruppur-185692",45000,Filed
PER00600,Devika Nanda,1965-06-20,PPHCD6885K,"97/083, Sant Nagar, Panipat-775494",65000,Filed
PER00601,Dhriti Jayaraman,1955-08-28,HUSXW2566A,"H.No. 39, Arya Road, Darbhanga 397315",80000,Filed
PER00602,Ansh Kade,1977-04-16,CFLZV3560V,"H.No. 180, Sundaram, Purnia 006367",35000,Filed
PER00603,Yashasvi Dhaliwal,1959-06-09,PHHWZ1018T,"24/55, Sastry, Kakinada-201127",50000,Filed
PER00604,Raghav Dara,1973-06-10,JXDGL6218Q,"990, Karpe Circle, Hindupur-143454",45000,Filed
PER00605,Udyati Oommen,1988-02-18,FYKVJ0435S,"94/559, Ramesh Chowk, Kollam-761787",50000,Filed
PER00606,Varsha Chada,1991-11-01,ZSNHK1084W,"67/896, Mitra Road, Mysore 247359",65000,Filed
PER00607,Ranveer Seth,1957-05-04,GXKXG9629J,"H.No. 241, Sachdev Chowk, Satara-965503",45000,Filed
PER00608,Naksh Ben,1958-01-01,HVYVJ8948M,"H.No. 488, Gola Zila, Nellore 089254",80000,Filed
PER00609,Pooja Dara,1965-08-06,QFYIK1793Q,"H.No. 519, Toor Road, Mahbubnagar 886897",200000,Filed
PER00610,Darsh Sastry,1955-05-30,FZXOU1945L,"07, Sandal, Machilipatnam-545165",50000,Not Filed
PER00611,Kamya Gole,2000-09-07,QVGMC6626C,"12/722, Bera Path, Ramagundam 532932",50000,Filed
PER00612,Nidra Singh,1982-02-11,GGFTI2239D,"53, Narayanan Marg, Medininagar 951963",35000,Filed
PER00613,Fiyaz Chopra,1977-12-26,ITTAT0473O,"H.No. 04, Kannan Nagar, Ballia-629282",65000,Not Filed
PER00614,Eesha Nagar,1983-02-13,RWROV1869R,"H.No. 201, Pau Circle, Sikar-823343",200000,Filed
PER00615,Waida Kannan,1963-12-04,NACID1355K,"H.No. 73, Nori Road, Raebareli 514937",50000,Filed
PER00616,Sai Oommen,1968-04-09,XOCCC0534B,"188, Lad Path, Belgaum-663423",35000,Not Filed
PER00617,Abha Pandya,1964-10-21,PPMOJ6665Q,"12/68, Ramesh Street, Ajmer 239698",35000,Filed
PER00618,Anjali Pau,2004-03-15,OMHIG0220F,"H.No. 028, Vaidya Chowk, Vadodara 430563",65000,Pending
PER00619,Krishna Varty,1978-11-08,FGUTN8163K,"H.No. 459, Soman Nagar, Deoghar 815779",120000,Filed
PER00620,Henry Shah,1968-06-12,RSTBI6133E,"79/28, Soni Nagar, Nizamabad 732714",50000,Filed
PER00621,Irya Kumer,1957-11-19,VMPQJ9711M,"993, Nayak, Jehanabad 389251",80000,Not Filed
PER00622,Isha Sane,2005-08-06,QHADD7599Y,"H.No. 95, Chaudhry Street, Mysore-139114",45000,Filed
PER00623,Yashica Saini,1972-03-04,WLMRW2338A,"H.No. 613, Yadav Path, Mangalore-563960",0,Not Filed
PER00624,Onveer Babu,1976-11-26,CMMPM9758T,"H.No. 15, Grewal Chowk, Buxar-751487",45000,Filed
PER00625,Yochana Narula,1962-06-28,UICBI2087K,"H.No. 39, Nagarajan Ganj, Shahjahanpur-336944",35000,Pending
PER00626,Ojasvi Misra,2002-11-27,DUIJT0267V,"84, Patil Nagar, Kulti 265644",45000,Filed
PER00627,Tanish Nadig,1987-01-24,TXHUN3692I,"494, Chaudhary Street, Bikaner-948564",35000,Filed
PER00628,Brinda Kara,1985-05-02,IUCBH1726F,"11/836, Bahl Path, Gopalpur-801378",45000,Not Filed
PER00629,Netra Sangha,1998-04-22,PWVQM0784R,"71/988, Singhal Chowk, Dehri-818122",35000,Filed
PER00630,Ridhi Kalla,2001-08-10,PQIAT9374P,"34/089, Sandal Street, Satara-992247",35000,Not Filed
PER00631,Udant Rama,1979-10-19,KYYXI5936U,"H.No. 60, Bains Chowk, Hajipur 714701",200000,Filed
PER00632,Theodore Mital,1982-04-07,GMBRU5293K,"74/257, Bobal Circle, Patna 632191",80000,Filed
PER00633,Chakradhar Misra,1974-01-16,WOJKX6939G,"73/53, Radhakrishnan Circle, Sambalpur 621501",50000,Filed
PER00634,Sanaya Krishna,1986-07-25,TCXZL8261E,"H.No. 550, Nair Nagar, Lucknow 215907",65000,Filed
PER00635,Lopa Kadakia,1999-11-11,ZNTYV7557H,"94, Chauhan Nagar, Latur-906795",65000,Not Filed
PER00636,Sanya Bava,2005-08-17,JHQJX3416B,"34/749, Garde Marg, Pudukkottai 310012",50000,Not Filed
PER00637,Naveen Kalla,1989-04-12,KWKAN3079B,"H.No. 16, Buch Chowk, Panvel 086035",45000,Filed
PER00638,Chaaya Char,2003-05-26,LUBPM6579J,"16/875, Shankar Chowk, Bhimavaram-037784",80000,Not Filed
PER00639,Idika Kapoor,1978-02-27,WYXVG1438G,"46, Bahl Nagar, Bhagalpur 733858",0,Filed
PER00640,Naveen Bassi,1959-08-19,VLKVX0223B,"42, Banik Circle, Thanjavur-554708",35000,Not Filed
PER00641,Daksh Bumb,1979-04-10,KIAJD9793U,"93/07, Chokshi Road, Muzaffarnagar 660738",45000,Filed
PER00642,Chasmum Mahajan,2000-12-31,FTHFH7411A,"41/242, Menon Street, Bhusawal-530289",65000,Filed
PER00643,Vihaan Raja,1966-12-21,BLJJE0755V,"36/397, Chacko Zila, Morbi 224666",50000,Filed
PER00644,Yash Pandya,1975-09-17,LTVSC1260H,"H.No. 987, Jani Ganj, Bidar 426056",65000,Filed
PER00645,Theodore Mahal,1981-08-02,FVKIE4051D,"H.No. 82, Sampath Chowk, Jehanabad 444455",50000,Filed
PER00646,Januja Shroff,1992-12-06,CVJUI1405U,"67/58, Sani Nagar, Surat 068769",45000,Filed
PER00647,Jonathan Deep,1955-10-23,GBJVW1955V,"H.No. 035, Wable Road, Indore-070625",35000,Filed
PER00648,Michael Loyal,1991-06-29,GCUZF9554F,"30/398, Sanghvi Marg, Bhavnagar-173382",200000,Filed
PER00649,Odika Korpal,1981-11-30,WFGHW7794W,"90/45, Viswanathan Marg, Chandrapur 288387",65000,Filed
PER00650,Sudiksha Kibe,1984-12-03,GPMQV8422J,"11/30, Palla Marg, Farrukhabad-389133",50000,Filed
PER00651,Wakeeta Thaman,2003-05-14,EHCUZ7074N,"68, Bhasin Ganj, Jamalpur 917234",200000,Filed
PER00652,Kai Saini,2005-10-17,APUPQ6537K,"41, Bahri Chowk, Jhansi 174128",50000,Not Filed
PER00653,Raagini Sandhu,1970-05-31,LFKHQ2729O,"H.No. 56, Mahal Chowk, Udaipur 912098",200000,Filed
PER00654,Laban Randhawa,1956-10-29,OVXMS8483N,"10/68, Grewal Road, Morbi 255840",45000,Filed
PER00655,Hiral Garde,1966-05-11,YTBHO1147M,"963, Mittal Ganj, Dindigul 979608",80000,Filed
PER00656,Jalsa Kadakia,1968-02-03,XLWZV1388W,"217, Radhakrishnan Zila, Thrissur-274995",80000,Not Filed
PER00657,Avi Agarwal,1980-09-20,HTXBQ2444H,"H.No. 05, Vasa Ganj, Silchar 033692",120000,Filed
PER00658,Janaki Sandal,1993-07-15,GKZKV8066I,"H.No. 710, Bawa Marg, Nizamabad-973399",0,Not Filed
PER00659,Janaki Chad,1997-03-25,QCTHB3860U,"26, Dada Zila, Hapur 417240",35000,Filed
PER00660,Lopa Bir,1991-06-05,NCTQW4878O,"29/50, Mand Chowk, Howrah-109473",65000,Filed
PER00661,Amara Manda,1987-10-09,GJKIL6597R,"H.No. 260, D’Alia Zila, Tiruchirappalli-420604",35000,Not Filed
PER00662,Qabil Thaker,1969-09-06,NOTZN4611L,"250, Kamdar Circle, Barasat 912040",120000,Pending
PER00663,Raghav Raju,1965-07-03,QXCJT7292N,"130, Raval Street, Katni 637350",45000,Filed
PER00664,Gopal Parmar,1999-10-21,YTWTT6508U,"39/13, Dasgupta Circle, Ludhiana-314814",45000,Filed
PER00665,Yashawini Patil,1969-01-22,WFKKK3170W,"47/765, Hora Street, Bhilwara-188646",50000,Pending
PER00666,Zinal Sengupta,1993-01-06,CAQGT3080P,"H.No. 926, Dani Road, Ajmer-012807",50000,Filed
PER00667,Suhani Dar,1991-02-14,QDPBC4223U,"52, Tank Marg, Sri Ganganagar-781574",35000,Filed
PER00668,Ayaan Arya,2005-08-13,ASDFD2943O,"H.No. 269, Grover Ganj, Mysore 033012",65000,Not Filed
PER00669,Manya Chawla,1976-06-20,NKTEE0701W,"33/45, Om Zila, Ambattur-718164",65000,Not Filed
PER00670,Krisha Taneja,1981-11-05,WAQQP0348R,"H.No. 27, Sharaf, Hospet-277726",35000,Filed
PER00671,Suhani Tandon,1970-10-07,VSKTO9320L,"H.No. 942, Sharaf Nagar, Ahmednagar 046127",45000,Filed
PER00672,Janya Modi,1992-09-23,YVUZL2489B,"10/87, Vig Nagar, Tinsukia-769325",80000,Filed
PER00673,Chanchal Thaker,1967-09-03,FKCZH7956G,"07/06, Bal Nagar, Hajipur 183581",65000,Filed
PER00674,Lila Pall,1969-02-12,QUCAN1663F,"104, Aurora Zila, Ranchi 854147",50000,Filed
PER00675,Bahadurjit Pai,1974-01-10,IBLUD0444D,"H.No. 78, Kanda Circle, Nandyal-051866",35000,Filed
PER00676,Yoshita Walia,1993-01-09,ZKLND0898Q,"72, Shanker Nagar, Gandhidham 918025",80000,Filed
PER00677,Januja Bhasin,1995-05-13,FADOV7433Z,"17/347, Baral Marg, Imphal-054554",65000,Filed
PER00678,Akshay Bal,1983-05-24,USVWD8781Z,"H.No. 585, Kala Chowk, Kurnool-997725",45000,Not Filed
PER00679,Hamsini Menon,1994-04-06,BTYVF1745N,"H.No. 18, Pillay Chowk, Hazaribagh 800672",65000,Filed
PER00680,Tanay Issac,1994-10-22,BDQAB9021T,"H.No. 862, Yohannan Road, Burhanpur-860142",45000,Filed
PER00681,Robert Behl,2003-04-16,IUUTG1241R,"09, Jani Road, Rourkela-837224",35000,Filed
PER00682,Kritika Banerjee,1975-07-10,UPDKQ4743I,"86/19, Mukhopadhyay Street, Nagpur 891068",120000,Filed
PER00683,Gunbir Subramaniam,1964-03-01,PVWKL2534F,"03/791, Shah Zila, Indore 382967",65000,Filed
PER00684,Advaith Gade,1969-10-18,OKNPT8187U,"H.No. 962, Chatterjee Chowk, Secunderabad-522295",45000,Filed
PER00685,Lekha Rai,1972-11-17,CVVID3799B,"H.No. 62, Jhaveri Zila, Madanapalle-616482",35000,Filed
PER00686,Manbir Shukla,1988-07-23,ILXLK3014K,"29, Lad Ganj, Kadapa 317763",50000,Pending
PER00687,Chaaya Aggarwal,1959-02-19,DNCHZ4615Y,"16/27, Ratta, Bilaspur-595124",65000,Filed
PER00688,Chanchal Jani,1964-05-02,RYMZY0759N,"36/35, Panchal Path, Bareilly-346834",35000,Filed
PER00689,Indira Nazareth,2006-07-13,NFEMD6318D,"H.No. 05, Rana, Sagar 435852",50000,Filed
PER00690,Gauri Rana,1996-11-27,CRBIG9866Y,"H.No. 07, Thaker Marg, Rohtak-046348",45000,Not Filed
PER00691,Dominic Banik,1972-06-03,STAWU0740Q,"661, Tripathi Marg, Satara-578118",80000,Filed
PER00692,Vrinda Panchal,1997-07-09,TMXMU5351T,"H.No. 161, Keer Zila, Raichur-999763",50000,Filed
PER00693,Chanchal Manda,2006-11-27,ZYZIQ1600K,"H.No. 48, Natt Ganj, Bellary 473227",50000,Filed
PER00694,Aahana Taneja,1961-01-18,NWFCC7070B,"64/756, Bera Ganj, Aizawl-246570",65000,Pending
PER00695,Geetika Khanna,1960-01-26,TRNSC7230D,"73, Dixit Nagar, Ghaziabad 547950",45000,Not Filed
PER00696,Shivansh Saran,1962-01-08,RGEDR3251Y,"30, Baria Nagar, Hospet-176985",65000,Filed
PER00697,Ayushman Jha,1971-10-19,PLLLR3759V,"H.No. 31, Saini Circle, Raiganj-244059",45000,Not Filed
PER00698,Oviya Swamy,1986-05-22,GARLB7195I,"60/73, Bal Nagar, Mysore-344289",65000,Filed
PER00699,Ekani Subramanian,1971-06-03,ONVPQ9991U,"642, Kaul Chowk, Nagpur-093603",120000,Filed
PER00700,Chameli Narayan,1981-11-23,ZBAJN0092R,"H.No. 620, Ram Ganj, Guntur-339096",80000,Filed
PER00701,Oliver Gola,1989-05-12,QSLNQ4884M,"H.No. 460, Khosla Marg, Solapur-425500",80000,Pending
PER00702,Wazir Wable,1972-05-18,AAZCW4687H,"39, Sharma Circle, Madanapalle-757785",50000,Not Filed
PER00703,Advik Mittal,1986-01-20,OALOA8302R,"H.No. 911, Basu Zila, Gudivada-009679",45000,Filed
PER00704,Upasna Kuruvilla,1996-11-23,PLXEP6937P,"38/708, Chowdhury Marg, Sagar 107547",35000,Filed
PER00705,Tarak Thaker,1997-11-09,IBQEU4094X,"70/509, Ratta Marg, Sonipat 763478",45000,Filed
PER00706,Ekani Nagy,1988-02-05,YARFJ4390A,"448, Bala Marg, Mango 455498",80000,Filed
PER00707,Meghana Varma,1992-07-24,RUYXY3940J,"97, Sur Chowk, Bharatpur 869174",45000,Filed
PER00708,Lekha Chawla,1993-09-06,UPCCA2794U,"50, Raman Zila, Hosur 309515",50000,Filed
PER00709,Amol Dugar,1981-11-26,IQTFM2848V,"11/14, Chacko Zila, Eluru-054910",65000,Filed
PER00710,Zaitra Munshi,1980-08-23,CBVKL0505T,"25, Misra Marg, Hindupur-965775",65000,Not Filed
PER00711,Riya Iyer,1994-12-19,IAKYN3682X,"052, Rastogi Marg, Delhi-922173",65000,Filed
PER00712,Charvi Doctor,1990-05-28,TCCII3509R,"77/62, Gera Nagar, Kalyan-Dombivli 518063",45000,Filed
PER00713,Jasmit Bora,1989-03-23,IMSII4766S,"H.No. 845, Panchal Circle, Ramagundam 473303",35000,Filed
PER00714,Ekansh Bhalla,2007-05-04,YGXSL0185Y,"41/27, Taneja Chowk, Amroha 879829",50000,Filed
PER00715,Warda Ahuja,1963-06-18,ZBRJM8570O,"H.No. 84, Wali, Bhatpara-432882",50000,Filed
PER00716,Hitesh Gera,1956-04-03,TVEEE7140U,"71, Saha, Rampur-316594",80000,Filed
PER00717,Zehaan Mahal,1963-12-31,CZAYH2797N,"H.No. 669, Mody Circle, Bidar 228117",120000,Filed
PER00718,Lila Dey,1982-07-16,RXHIQ2263N,"H.No. 332, Nazareth Nagar, Udupi 132890",80000,Filed
PER00719,Jeremiah Kaul,1971-04-08,HXZLB2737M,"779, Ben Zila, Erode 609386",80000,Filed
PER00720,Arin Aggarwal,1960-07-25,LEWAG0382X,"26, Bose Marg, Karimnagar-855282",50000,Filed
PER00721,Varsha Chaudry,1984-10-10,XKLWS1478U,"H.No. 95, Ahluwalia Street, Jodhpur 000332",80000,Not Filed
PER00722,Chakrika Jhaveri,1993-10-14,MBSVL3880W,"71/76, Suresh Zila, Rohtak-341381",65000,Filed
PER00723,Aachal Saha,1973-09-05,KDTVW1694E,"33, Iyer Nagar, Nadiad-217125",45000,Filed
PER00724,Hemal Yadav,2001-07-30,HLOZB6016A,"H.No. 91, Edwin Zila, Akola-444040",65000,Not Filed
PER00725,Chakradhar Sachar,1965-12-23,CXDDS6869N,"140, Anne Ganj, Saharanpur-841915",65000,Filed
PER00726,Azad Butala,1991-07-05,WFSAE7690I,"53/24, Khurana Street, Gangtok 895841",200000,Pending
PER00727,Quincy Khatri,1968-09-24,UGLUU4744V,"H.No. 957, Sabharwal Nagar, Machilipatnam-963310",200000,Filed
PER00728,Harshil Mangal,1993-03-19,SSVNJ8716T,"51/40, Ray Zila, Anantapuram 781709",45000,Filed
PER00729,Daniel Sankar,1955-11-11,ZIDZU6713W,"H.No. 012, Dhaliwal Path, Rewa 924705",50000,Filed
PER00730,Niharika Hegde,1983-05-21,HFUIL1104W,"099, Majumdar Road, Phagwara 832626",45000,Filed
PER00731,Teerth Nori,1982-07-28,DGMLE0988F,"927, Pall Zila, Miryalaguda 682648",50000,Filed
PER00732,Saksham Parekh,1983-10-26,WZQAM2311B,"H.No. 47, Chandra Path, Asansol-299097",35000,Filed
PER00733,Kamala Kohli,1998-04-04,ZOOCN9623Q,"H.No. 125, Rama Chowk, Jalna 074702",50000,Not Filed
PER00734,Oeshi Karnik,1956-09-19,QQVLG7245Y,"20/799, Dash Ganj, Bilaspur-304517",65000,Filed
PER00735,Edhitha Khalsa,2005-08-03,MEVKP2293D,"83/24, Sengupta, Ujjain 892819",45000,Not Filed
PER00736,Saumya Dyal,2002-11-01,LISLR0005L,"83, Panchal Marg, Moradabad-847993",35000,Filed
PER00737,Reva Bains,1964-01-21,EVLFS8673S,"95, Sama Chowk, Suryapet-467323",50000,Filed
PER00738,Yatan Setty,1973-03-30,CFYPO9655Y,"95, Sarraf Chowk, Mahbubnagar 918505",120000,Filed
PER00739,Jasmit Mittal,1979-11-30,ZEQEC5652H,"88, Bala Chowk, Shahjahanpur 660437",200000,Filed
PER00740,Hitesh Chauhan,1956-01-01,FTGQN0940Q,"467, Sem Street, Bhavnagar 544941",200000,Filed
PER00741,Hemal Trivedi,2002-12-29,APZCL6749N,"H.No. 118, Munshi Street, Pali-322817",50000,Pending
PER00742,Upadhriti Toor,2007-05-31,AOMZB0439B,"964, Deshpande Path, Durg 092476",35000,Filed
PER00743,Nikita Arora,1994-06-24,VUAMC7958L,"44, Chahal Marg, Panchkula 740101",50000,Filed
PER00744,Noah Sagar,1984-05-18,AEQJN2127Y,"36/495, Nagar Road, Siwan-515912",35000,Pending
PER00745,Varenya Kothari,1983-09-15,XRTBU8029E,"10, Goswami Circle, Ulhasnagar-423910",80000,Not Filed
PER00746,Maanav Nagarajan,1980-11-09,TQQTZ2051M,"99, Nagy Zila, Jodhpur 953407",35000,Filed
PER00747,Udarsh Mandal,1969-01-04,YDQOP2576Z,"696, Bumb Circle, Guntur-612231",35000,Not Filed
PER00748,Azad Datta,2002-10-15,UZYSW3563N,"H.No. 323, Tak Path, Bally 834040",80000,Pending
PER00749,Samarth Singhal,1975-10-31,MDSVB6846Q,"353, Karnik Marg, Bhagalpur 070383",50000,Not Filed
PER00750,Darika Soman,1964-01-21,VDBKT3832T,"845, Pillai Marg, Anantapur-582040",45000,Not Filed
PER00751,Advaith Sankar,2002-03-10,XUSIK7594M,"22/68, Narayanan Nagar, Orai 329915",45000,Filed
PER00752,Wridesh Sethi,1984-10-10,RBKHP4783W,"39/81, Bakshi Zila, Thanjavur-901208",35000,Filed
PER00753,Udarsh Sidhu,1966-12-29,RPPAF9700O,"H.No. 801, Tripathi Circle, Etawah 688752",120000,Filed
PER00754,Madhav Sachdev,1978-11-21,FBRMK4032W,"H.No. 70, Bassi Chowk, Tadepalligudem-663562",120000,Filed
PER00755,Vasana Sahni,1972-03-14,TKWQV4761V,"H.No. 011, Raju, Kadapa-116442",0,Filed
PER00756,Arya Basu,1975-06-07,DLNTS9711J,"79/18, Verma Marg, Kollam-210443",65000,Filed
PER00757,Bhavani Dixit,1991-07-06,VMNHN7946E,"42/912, Sridhar Nagar, Nandyal 292450",35000,Filed
PER00758,Harsh Bobal,2007-05-30,JJRVJ1296Q,"59, Chada Path, Muzaffarpur-566016",45000,Filed
PER00759,Rachana Dara,1983-09-29,JPNBR7510G,"43, Brahmbhatt Chowk, Hyderabad-513180",200000,Filed
PER00760,Banjeet Dayal,2005-11-20,TGSZQ1992L,"H.No. 02, Apte Path, Meerut 340872",50000,Pending
PER00761,Neha Bir,1966-11-04,WRPVH5641R,"52/532, Bhatt Road, Tirunelveli-731097",35000,Filed
PER00762,Chandresh Bahl,1995-07-08,MBYIM5234R,"H.No. 956, Soni Zila, Bijapur-602160",200000,Filed
PER00763,Wahab Dar,1996-05-24,BUCJY2793N,"H.No. 40, Mammen Road, Parbhani 307517",45000,Filed
PER00764,Chanakya Srinivasan,1956-06-30,LOZIY8961R,"31/143, Mitra Nagar, Bahraich 542033",120000,Filed
PER00765,Ubika Hora,1955-03-24,CHWFM5900Z,"H.No. 935, Krishnamurthy Road, Hubli–Dharwad 387713",35000,Filed
PER00766,Reva Gole,1983-07-17,IJCJP4971R,"083, Atwal Marg, Machilipatnam 455230",35000,Not Filed
PER00767,Jack Swamy,1998-10-03,WOELW5363S,"H.No. 38, Dhingra Circle, Kharagpur 771263",50000,Pending
PER00768,Chavvi Saran,1987-06-06,XRZWI0890F,"54/50, Halder Road, Agartala 090628",45000,Pending
PER00769,Turvi Chadha,2003-09-29,XPDHB9503X,"971, Brahmbhatt Street, Mirzapur 920150",50000,Filed
PER00770,Anamika Golla,1978-01-05,JMBUK4306H,"H.No. 667, Ramanathan Chowk, Nanded 275950",65000,Filed
PER00771,Warhi Chauhan,1988-11-03,SKFHJ1507B,"12/44, Banerjee Road, Hapur 789817",50000,Filed
PER00772,Jeet Sharaf,1991-12-16,CQSQK0084W,"16/23, Doshi Street, Vasai-Virar 024096",65000,Filed
PER00773,Shivansh Bajwa,1963-10-26,FGPTF4527B,"H.No. 05, Guha Ganj, Tadepalligudem-695753",65000,Filed
PER00774,Darika Chahal,1987-01-27,OUCFN8936P,"97, Dave Ganj, Amravati 160052",0,Filed
PER00775,Girish Jani,1956-07-07,MHZUR0569V,"H.No. 464, Bava Ganj, Faridabad-309749",35000,Filed
PER00776,Aarini Konda,1992-02-13,ZRKPP9865P,"65/11, Mallick Circle, Vasai-Virar 966832",35000,Filed
PER00777,Ekavir Mann,1981-05-20,TAKAL9860K,"84/45, Minhas Zila, Ambarnath 959938",80000,Filed
PER00778,Balvan Chahal,1992-08-14,ELBVZ2542J,"H.No. 102, Misra Ganj, Satna-273742",50000,Pending
PER00779,Bhavini Basak,1967-09-02,NZTST9398U,"11/727, Parmer Ganj, Jehanabad 607600",35000,Pending
PER00780,Qasim Kamdar,1998-04-14,ULAXQ2947W,"599, Saran Zila, Shivpuri-183496",35000,Filed
PER00781,Amara Narayanan,1956-01-18,LFXQR7056Q,"H.No. 21, Manda Street, Ambattur-929351",35000,Filed
PER00782,Netra Bassi,2007-04-11,DASVP9196J,"H.No. 450, Sachdev Marg, Barasat-258537",45000,Not Filed
PER00783,Saumya Sankar,1959-03-13,QTODS3035S,"31/14, Kari, Shimla 478680",65000,Filed
PER00784,Orinder Narayanan,1987-07-31,DLJCJ2488G,"H.No. 711, Badami Zila, Miryalaguda 311315",35000,Filed
PER00785,Amrita Minhas,1968-01-28,JBOMP5625Z,"308, Sani Street, Nadiad-053999",200000,Filed
PER00786,Caleb Ramanathan,1999-07-09,EDLTW6160W,"155, Yogi Nagar, Kamarhati 592614",45000,Filed
PER00787,Indira Uppal,1976-05-20,QIPMQ1807K,"796, Keer Marg, Bangalore 644883",65000,Not Filed
PER00788,Oliver Hari,1985-01-05,XSKGG8501I,"224, Chhabra Circle, Berhampore-371818",80000,Not Filed
PER00789,Prisha Raghavan,1986-04-15,ADVWF0588W,"84, Sachdev Road, Raebareli-412340",35000,Pending
PER00790,Jason Prakash,1976-02-28,KHCCU1631S,"H.No. 464, Deshpande Path, Tiruppur 929577",65000,Filed
PER00791,Om Walia,1974-05-04,GSVCH2546D,"54, Nori Ganj, South Dumdum 084589",45000,Filed
PER00792,Anya Loke,1995-10-21,KCYQW6552Q,"413, Kala Circle, Chapra-040961",65000,Filed
PER00793,Aarav Varty,1966-08-21,VYMCD9480J,"H.No. 418, Kant Circle, Raurkela Industrial Township 830177",45000,Filed
PER00794,Yagnesh Bhakta,2006-11-23,SQYAB9058Z,"75/91, Kala Marg, Chittoor 682883",50000,Filed
PER00795,Xavier Sandal,1988-12-29,RDVLM5548N,"485, Chauhan Road, Muzaffarpur 107639",50000,Filed
PER00796,Rushil Salvi,1992-08-23,TKOBI8646C,"648, Ghosh Street, Ballia-668582",45000,Not Filed
PER00797,Lila Agarwal,1976-08-03,CTRHI9746Z,"569, Dhingra Path, Surat-904092",120000,Filed
PER00798,Manbir Raval,2001-11-29,IVYEE0913F,"95, Kurian Street, Kolkata-403166",45000,Filed
PER00799,Ekantika Setty,1955-09-21,KYPQS7080B,"17, Kumar Circle, Saharanpur-035164",200000,Filed
PER00800,Madhav Mammen,1969-02-12,OCQTW6148J,"H.No. 27, Korpal Zila, Patna-394871",35000,Filed
PER00801,Meghana Chacko,2007-01-11,ISKVL3476W,"H.No. 32, Bail Path, Srikakulam 171905",80000,Not Filed
PER00802,Dev Memon,1975-07-24,RMTXT7544D,"20/11, Seshadri Circle, Jalna 929456",65000,Filed
PER00803,Warjas Chaudhari,1975-05-20,YAWWT9167I,"54, Ghosh Ganj, Bhind 561618",65000,Filed
PER00804,Vritti Kibe,1959-06-07,OQFDH3671G,"93, Savant Path, Nagercoil 901945",50000,Pending
PER00805,Ekantika Acharya,1969-12-24,NUEHW0889M,"34/61, Mohan, Ahmednagar 957598",35000,Pending
PER00806,Ishani Sridhar,1984-12-19,FYOQH5315W,"361, Sekhon Path, Bulandshahr 069925",35000,Filed
PER00807,Ishaan Krish,1979-07-04,DBLXS2923H,"89, Sridhar Path, Nizamabad-604446",65000,Filed
PER00808,Ubika Chana,1994-01-01,JKNSX6629N,"57, Handa Ganj, Katihar 461171",35000,Filed
PER00809,Owen Khare,1971-04-13,CJHRM8370O,"58/74, Keer Nagar, South Dumdum-165079",45000,Pending
PER00810,Hemangini Buch,1966-07-05,HIAUG6467U,"772, Dalal Circle, Ujjain-528134",50000,Filed
PER00811,Barkha Kanda,1997-03-21,VSVWI4489L,"81/15, Arya, Patiala 395325",80000,Not Filed
PER00812,Varenya Badami,2002-08-03,ASJHG2384Y,"H.No. 412, Sampath Path, Narasaraopet-255013",0,Not Filed
PER00813,George Vig,1974-10-03,HUOTO7831L,"33/47, Mammen Road, Karimnagar 263436",0,Filed
PER00814,Vaishnavi Dewan,1982-08-08,SNBKA9482E,"84/959, Sarraf Street, Noida 039454",45000,Filed
PER00815,Yasti Krishnamurthy,1968-08-12,UUCXG3578Z,"89/56, Parsa Path, Suryapet 040174",80000,Filed
PER00816,Wriddhish Arya,1992-02-16,OAEJD3838V,"H.No. 737, Pingle Road, Bangalore-704328",35000,Filed
PER00817,Chatura Karan,2006-10-01,LPRIW9019W,"H.No. 19, Lad Street, Tumkur 444954",35000,Not Filed
PER00818,Faqid Bahl,1956-08-20,PBGGS1469G,"H.No. 55, Mitter Zila, Serampore 246108",35000,Filed
PER00819,Fiyaz Dutt,2007-08-07,SCBQI3590G,"H.No. 773, Acharya Marg, Madurai 253044",50000,Not Filed
PER00820,Jagrati Ganesan,1955-06-26,NAZGL4441H,"55/656, Dixit Ganj, Gorakhpur 494529",35000,Not Filed
PER00821,Ojas Lalla,1962-09-28,FUSGW5139A,"73/32, Bala Street, Thane 164637",65000,Filed
PER00822,Rishi Sahota,1982-09-19,NVOON7082G,"98/879, Bhat Ganj, Bhiwandi-563728",35000,Filed
PER00823,Fariq Kanda,2006-07-21,ETAQK9635P,"15/55, Kanda Marg, Deoghar 325293",35000,Pending
PER00824,Madhav Chokshi,2000-03-27,QWSUD4509Q,"91/087, Varughese Chowk, Thanjavur 614082",80000,Filed
PER00825,Lohit Chowdhury,1960-03-05,AOUUL3067B,"H.No. 69, Kapadia, Latur 260055",80000,Not Filed
PER00826,Rachana Dugar,2005-10-25,DPMZR9749L,"H.No. 401, Borah Path, Berhampore-897236",35000,Filed
PER00827,Bachittar Baral,1960-11-20,MZNGT6638C,"83, Sood Marg, Berhampur-016792",120000,Not Filed
PER00828,Anirudh Sachar,1975-12-09,XMECZ7996E,"98, Rattan Road, Kota 106896",45000,Filed
PER00829,Damini Mistry,1986-07-22,CYDGT2023K,"H.No. 732, Chhabra Chowk, Agartala 633738",50000,Filed
PER00830,Lakshmi Kapur,2005-12-26,WNGGR6911F,"H.No. 66, Mall Marg, Chennai-642950",45000,Not Filed
PER00831,George Bhasin,2003-12-03,WLHAP2008Y,"54, Kala Zila, Bidar 952379",50000,Filed
PER00832,Faris Minhas,1994-05-16,CTPZT9005G,"70/57, Khanna Chowk, Mirzapur-423087",50000,Filed
PER00833,Baljiwan Kant,1972-02-27,YSNQQ8979M,"95, Keer Zila, Anantapuram 064730",120000,Filed
PER00834,Simon Gupta,1964-01-03,EUPEV1038F,"75/23, Sawhney Circle, Anand-548651",50000,Filed
PER00835,Samarth Nadkarni,1960-06-17,GMTML3151J,"40/654, Nanda Road, Munger 378075",80000,Filed
PER00836,Zarna Dani,1984-08-03,AMJKY1304N,"49/73, Pandit Road, Gaya 497706",120000,Not Filed
PER00837,Azaan Vora,1955-06-29,BOWRD0345K,"H.No. 918, Bath Road, Shimoga 990188",45000,Filed
PER00838,Ekalinga Chakrabarti,1998-01-30,CLOSS3365F,"04/55, Ben Marg, Nanded-873335",45000,Filed
PER00839,Balendra Gour,1992-03-19,SMLIX6672H,"333, Mital Nagar, Nanded 067331",35000,Filed
PER00840,Daniel Chawla,1999-03-13,GENAU9949U,"09, Buch, Imphal 099293",35000,Filed
PER00841,Meera Pandya,1963-05-17,ZKYBP0033W,"H.No. 602, Nayar Path, Berhampur 195664",35000,Filed
PER00842,Netra Balasubramanian,1959-12-14,EKTDF3706A,"H.No. 555, Borah Circle, Tiruppur 171767",80000,Not Filed
PER00843,Jagdish Rama,1989-03-17,EHFVO3894N,"68/448, Singhal Marg, Ambarnath 592992",65000,Not Filed
PER00844,Ekansh Jayaraman,1991-12-10,IYOBM0395V,"353, Goda Circle, Madanapalle 848701",80000,Filed
PER00845,Vasatika Goel,1993-11-03,KAIAY6173E,"H.No. 49, Garg Nagar, Siwan-446762",45000,Filed
PER00846,Jagrati Balay,1986-05-17,FBWHJ3089K,"H.No. 341, Bahl Zila, Kamarhati-240989",65000,Filed
PER00847,Anita Zachariah,1981-12-30,AFEZA3362M,"92/47, Sheth Street, Chennai 196770",65000,Filed
PER00848,Omya Banik,1980-04-28,AXEHX4555N,"08/495, Kant Chowk, Bhilwara-437908",50000,Filed
PER00849,Xiti Yohannan,1996-08-27,GSEVB8086N,"62, Bedi Circle, Firozabad-541324",65000,Filed
PER00850,Gautami Golla,1991-09-17,VULBT6414X,"H.No. 18, Gour Street, Raichur 203838",50000,Filed
PER00851,Hitesh Desai,1967-04-04,LCYKH8549U,"96/66, Mann Road, Akola 531084",120000,Not Filed
PER00852,Alexander Sane,1961-10-22,ZPJDI9151H,"H.No. 858, Kara Nagar, Raurkela Industrial Township 874376",35000,Filed
PER00853,Gayathri Sundaram,1978-02-02,VYHTQ9814U,"335, Deol, Panvel 319996",35000,Filed
PER00854,Zashil Hayer,2006-08-29,LOXZT8743G,"56/24, Dhaliwal, Bokaro-621465",50000,Filed
PER00855,Bhavika Sachar,2004-04-30,WOOPB4930W,"374, Gill Street, Malegaon 856561",50000,Filed
PER00856,Brijesh Kaul,2007-01-06,PFJJZ4760U,"39/75, Rau Nagar, Mumbai 289410",65000,Not Filed
PER00857,Kalpit Desai,1997-05-10,MNOJZ5663Y,"H.No. 346, Srivastava Marg, Ambarnath-247571",45000,Filed
PER00858,Garima Bassi,2003-02-09,LKULP2529W,"49/972, Chawla Path, Pudukkottai-757958",80000,Filed
PER00859,Anamika Handa,1983-01-19,AWDYO0312B,"H.No. 41, Mishra Street, Noida-635739",45000,Filed
PER00860,Lopa Muni,1984-04-28,LWQPI0847Z,"77/32, Dua Circle, Ambarnath 023748",80000,Filed
PER00861,Nidhi Mitra,1961-05-31,TMWVA9056Q,"760, Modi Road, Narasaraopet-696503",200000,Filed
PER00862,Fariq Parmer,1968-11-05,ZIKFB2425H,"686, Mander Road, Proddatur 094535",35000,Pending
PER00863,Gaurika Goswami,1993-05-13,XRSAQ4972T,"46/436, Brahmbhatt Marg, Navi Mumbai-036425",0,Not Filed
PER00864,Patrick Iyer,2000-03-23,CSXBQ0934G,"78/394, Srinivas Street, Avadi-945959",120000,Filed
PER00865,Tanveer Lanka,2005-04-06,QOOUB6577W,"H.No. 63, Tata Zila, Madhyamgram-707431",35000,Pending
PER00866,Ranbir Nagarajan,1962-04-14,VUBLB7682J,"539, Sabharwal Circle, Karaikudi 321468",45000,Filed
PER00867,Zinal Setty,1974-01-24,GOIEK5962N,"19/021, Johal Zila, Ajmer 231318",65000,Not Filed
PER00868,Rishi Agarwal,1958-12-17,IQGFR2128E,"H.No. 280, Tiwari Marg, Navi Mumbai-679268",35000,Filed
PER00869,Daksh Kaur,1955-07-19,SLNKI4872V,"38/44, Shenoy Zila, Bharatpur-031888",65000,Not Filed
PER00870,Lakshmi Dyal,1978-06-03,MRXRT3980Y,"H.No. 973, Banerjee Chowk, Vellore-965732",50000,Filed
PER00871,Aarini Ravel,1989-12-12,IFHED1206Y,"668, Saxena, Jabalpur 650660",35000,Filed
PER00872,Vivaan Naik,2005-08-07,CMJIX1450Z,"H.No. 258, Murthy Path, Kulti 388638",45000,Filed
PER00873,Peter Chadha,1978-04-23,IKPSF7749I,"804, Chhabra, Firozabad 218906",45000,Filed
PER00874,Ishaan Kurian,1976-08-04,NXAHQ8963R,"636, Dugar Nagar, Amritsar 740080",45000,Filed
PER00875,Jagdish Mandal,1977-06-05,HLDCB9658X,"07/15, Sheth Road, Madhyamgram 033510",50000,Filed
PER00876,Ikbal Bose,1965-02-06,EOHYA0283X,"H.No. 946, Gade Ganj, Thoothukudi 399310",80000,Filed
PER00877,Libni Nori,1956-01-17,KJSPQ4233J,"H.No. 515, Padmanabhan Chowk, Thiruvananthapuram 033382",80000,Not Filed
PER00878,Simon Pingle,1991-06-04,QYGCZ2115F,"08/65, Pall, Aurangabad-683496",50000,Filed
PER00879,Tanmayi Lalla,2004-12-07,PRPPA7205K,"37/226, Vala Street, Alwar 234891",35000,Pending
PER00880,Saanvi Choudhry,1969-07-27,KPPSK0773V,"944, Kapur, Uluberia 568702",35000,Filed
PER00881,Rehaan Nazareth,1963-10-07,TFYZH2686Q,"342, Halder, Chandrapur 487223",50000,Filed
PER00882,Eta Shere,1978-08-05,NHNQU1096V,"H.No. 871, Karpe, Jabalpur 168980",45000,Pending
PER00883,Bhavini Mital,1971-12-14,CBDZV0361P,"49, Jaggi Chowk, Ulhasnagar 671937",50000,Filed
PER00884,Bakhshi Dash,1962-03-16,EPRVR8319T,"H.No. 558, Chana Nagar, Bareilly-614020",50000,Not Filed
PER00885,Zayan Vala,1992-04-24,IOVPN6047G,"H.No. 96, Kapur Circle, Mahbubnagar 733640",45000,Filed
PER00886,Aarnav Vasa,1989-04-23,BFAHE6730K,"96/212, Sarna Ganj, Hazaribagh-474134",35000,Filed
PER00887,Barkha Bir,1956-09-18,TMODL8596G,"H.No. 153, Viswanathan Marg, Raipur-068967",200000,Filed
PER00888,Laksh Bir,1991-08-02,AKQUZ0296V,"47, Tandon Circle, Bidar-117460",50000,Filed
PER00889,Ronith Gole,1983-08-24,CDMXJ4261C,"H.No. 86, Sawhney Ganj, Bhopal-524680",45000,Filed
PER00890,Baljiwan Bir,2002-07-05,ZHQEN3114M,"H.No. 40, Om, Hospet-152581",65000,Pending
PER00891,Bachittar Thaman,1965-02-23,WPGNZ2207C,"001, Khosla Path, Udaipur-850147",50000,Filed
PER00892,Yatan Kata,1999-07-11,MMBTV4956D,"90/51, Gopal Road, Mathura 589855",200000,Filed
PER00893,Ucchal Dasgupta,1979-10-26,QCCWG0165H,"H.No. 342, Pandya Road, Thane-936197",45000,Pending
PER00894,Vedika Babu,1999-11-20,FNJCQ2965M,"70, Nanda Path, Anand-204038",120000,Filed
PER00895,Qarin Mitter,1970-04-08,WDQEL9052Y,"51/45, Nadig Circle, Siliguri-555929",50000,Filed
PER00896,Jai Babu,1988-07-11,HPJKY5715B,"95/43, Sabharwal Path, Pimpri-Chinchwad 883149",35000,Filed
PER00897,Tarak Krishnan,1961-04-07,EESDZ0482K,"H.No. 09, Bala Road, Raichur-955745",35000,Filed
PER00898,Lakshmi Varughese,1999-05-16,JVDKF2779O,"162, Varty Marg, Nashik-737359",65000,Filed
PER00899,Gauri Bandi,2002-12-28,VKEOI7395G,"99/91, Devan Marg, Bangalore 971232",120000,Filed
PER00900,Yashoda Bora,1972-12-03,EQOZE9152D,"87, Iyengar Street, Kakinada-421675",80000,Not Filed
PER00901,Bhavna Deshmukh,1991-02-07,NETTX2374Z,"30, Shah Ganj, Karaikudi 341451",50000,Pending
PER00902,Gauri Bora,1992-02-26,VXEOX7755W,"H.No. 330, Barad Zila, Bahraich 284013",50000,Not Filed
PER00903,Balveer Lalla,1977-01-14,XWMXV0755C,"629, Jayaraman Nagar, Panvel-209217",50000,Filed
PER00904,Quincy Sachdeva,1958-07-14,YCFHM7732K,"365, Ahuja, Amaravati-361852",45000,Not Filed
PER00905,Shivansh Mittal,2006-04-01,YOKXW8367J,"H.No. 54, Yogi Ganj, Imphal-212686",45000,Filed
PER00906,Ekalinga Muni,1991-06-06,VPAGK9666U,"29/539, Samra Zila, Kolhapur-385930",0,Filed
PER00907,Hema Krish,2002-07-15,XKUMN8518C,"54, Muni, Satara-535778",80000,Filed
PER00908,Nidhi Goel,1960-11-06,GWOSC8994X,"H.No. 204, Kibe Nagar, Visakhapatnam 194185",50000,Filed
PER00909,Chavvi Ben,2005-05-10,RKHXA7817U,"44/690, Shah Zila, Ambala 669194",35000,Filed
PER00910,Yochana Devi,1985-03-16,RMTRP2152C,"84/83, Ramakrishnan Marg, Varanasi 211370",50000,Pending
PER00911,Ekapad Kale,2002-08-08,HELRM6915V,"H.No. 083, Deshmukh Circle, Serampore 927588",80000,Not Filed
PER00912,Akshay Lala,1976-04-17,MCLNQ5482U,"344, Oak Circle, Kochi-731234",35000,Pending
PER00913,Wahab Kalla,1992-10-21,CFZEO5264C,"09/39, Borde, Siwan-362698",50000,Filed
PER00914,Tripti Bandi,1965-07-24,YZBLS2348H,"46/01, Dugar Ganj, Bidar-593812",35000,Filed
PER00915,Harish Andra,2005-11-09,PXNHI5284I,"85/770, Nanda Path, Sambalpur-722933",35000,Pending
PER00916,Dayamai Grewal,1992-10-20,UYERO9516M,"H.No. 558, Bhatnagar Path, New Delhi 057218",50000,Not Filed
PER00917,Udarsh Walia,1972-11-30,IZBWY7970K,"H.No. 098, Mangat, Danapur-633261",45000,Filed
PER00918,Mekhala Dani,1990-12-27,NPZXU9163N,"H.No. 811, Chana, Sikar-327287",50000,Filed
PER00919,Nikita Panchal,1981-11-16,GWSWR0811T,"H.No. 02, Thakur Nagar, Bathinda-021461",50000,Not Filed
PER00920,Arjun Naik,1965-06-25,ZQOFN3046U,"739, Ray Chowk, Bhiwandi-980704",65000,Filed
PER00921,Frado Lal,1976-01-16,NIZYN3573N,"80, Apte Chowk, Rajkot-787462",80000,Not Filed
PER00922,Jyoti Sarraf,1972-02-07,YZOAA2109X,"667, Sane Road, Miryalaguda 309493",35000,Not Filed
PER00923,Dhruv Sahni,1958-04-23,UFRSM6515F,"499, Vasa Nagar, Chandrapur-219736",80000,Filed
PER00924,Niharika Cheema,2004-11-26,TZEUD5084Q,"H.No. 897, Parmar Street, Gudivada-754675",45000,Filed
PER00925,Urvi Bhatti,1991-10-09,ULFCC3374T,"995, Behl Circle, Thane-246104",50000,Not Filed
PER00926,Urmi Grewal,1979-05-03,GMCHJ6030B,"82/58, Sood Circle, Firozabad 697064",35000,Pending
PER00927,Abdul Sani,2007-08-27,RXBVR3505W,"89, Dhingra Zila, Tiruvottiyur-007605",50000,Filed
PER00928,Ladli Devi,1966-05-06,GBRHR7691Y,"H.No. 79, Patel Chowk, Bulandshahr-064777",50000,Filed
PER00929,Maya Mukherjee,2001-06-13,KMTDG4368V,"85/866, Pradhan, Bareilly-372188",45000,Filed
PER00930,Isaiah Date,2003-05-17,XTEYT0866J,"96/59, Chahal Zila, Hazaribagh 184128",45000,Filed
PER00931,Neha Arya,2004-07-23,ERALH7910D,"423, Sathe Street, Gulbarga-082353",65000,Filed
PER00932,Jalsa Kannan,2003-03-19,FMELV8461K,"91/53, Chopra Zila, Gudivada-341863",50000,Filed
PER00933,Yachana Bhandari,2005-07-06,GFDGH4812Q,"H.No. 02, Wable Ganj, Singrauli-761440",65000,Pending
PER00934,Hiral Ramaswamy,1983-01-10,UWMQB2417D,"H.No. 234, Balakrishnan Chowk, Jamshedpur 974518",50000,Not Filed
PER00935,Gagan Luthra,2006-01-21,KOALU4652P,"37/392, Mahal Zila, Akola 307342",50000,Pending
PER00936,Bachittar Devi,2003-03-13,NVLVZ7435H,"95, Yogi Marg, Anand-217661",50000,Filed
PER00937,Yashawini Chakrabarti,2003-06-02,GXPJB9714U,"H.No. 987, Sundaram Road, Sri Ganganagar-147307",45000,Filed
PER00938,Ishanvi Yogi,1964-03-04,QJMCW0461R,"H.No. 59, Rajagopalan Road, Ballia-238104",120000,Filed
PER00939,Yamini Shanker,1998-06-02,XONFH7590Z,"95, Jaggi Zila, Tenali 475409",65000,Filed
PER00940,Hardik Apte,2002-01-26,TLHZK3696P,"10/870, Suri Circle, Ramgarh 808589",45000,Filed
PER00941,Odika Agrawal,1982-02-13,BTEJQ8258Q,"H.No. 29, Yohannan, Ramgarh-318289",50000,Filed
PER00942,Sanya Gole,1958-09-18,CKZDS1236A,"20, Narayanan Marg, Aurangabad-917118",45000,Filed
PER00943,Vrinda Choudhry,1959-06-23,NLJIB8838Q,"H.No. 102, Kaul Marg, Allahabad 407103",45000,Filed
PER00944,Zashil Dhaliwal,1990-07-15,VVLBW7661J,"543, Chaudhari Path, Jalandhar 724679",45000,Filed
PER00945,Zaid Upadhyay,1994-05-08,UDJBR4760M,"65/427, Sani Nagar, Khandwa 480890",65000,Pending
PER00946,Janya Bora,1962-06-22,PSQIV5793R,"38, Rana, Bhalswa Jahangir Pur 648043",80000,Filed
PER00947,Ekiya Oak,2001-05-26,KGUDR6256W,"55/544, Iyengar Ganj, Barasat 079517",80000,Filed
PER00948,Vansha Sawhney,1975-12-06,VCNOI2898U,"112, Date Path, Kakinada-634268",45000,Filed
PER00949,Yasti Sahota,2001-07-08,DSAAB2983J,"H.No. 21, Raghavan Street, Shimoga-744211",50000,Filed
PER00950,Anmol Parsa,1963-08-24,PQINA1740B,"10, Saxena, Khandwa 901785",50000,Filed
PER00951,Sachi Rout,1991-10-04,BADST1427S,"54/107, Sangha Nagar, Mathura-067151",200000,Not Filed
PER00952,Zansi Divan,2005-03-22,STTTY6503L,"H.No. 836, Rajan Path, Gudivada 911825",120000,Filed
PER00953,Abhiram Mannan,1974-03-30,EZZAF5531Y,"H.No. 71, Garde Path, Ghaziabad 492552",35000,Filed
PER00954,Jackson Basak,1994-08-11,ARNBN4309B,"H.No. 85, Sehgal Marg, Patna-494474",200000,Filed
PER00955,Kalpit Bhavsar,1993-01-19,KOTMU2068F,"76/93, Lalla, Darbhanga-632435",65000,Filed
PER00956,Pahal Murty,1995-09-20,DDXBE6357P,"17/254, Sandhu, Bettiah 798370",65000,Filed
PER00957,Vrishti Deshpande,1958-08-29,PPHHG2425M,"82/25, Dutt, Mathura-608173",45000,Filed
PER00958,Charita Gokhale,2002-06-17,NANJP3970F,"289, Saini Ganj, Medininagar 537204",35000,Filed
PER00959,Deepa Deo,1976-07-19,UUUND2388C,"H.No. 09, Dugal Road, Tiruppur-812957",120000,Filed
PER00960,Baljiwan Mangal,1965-07-12,TENOV2645W,"36/62, Yadav Circle, Mangalore 911735",65000,Filed
PER00961,Chakradev Dara,1989-05-19,FFREG1932P,"41, Majumdar Chowk, Satara-792701",45000,Filed
PER00962,Ekiya Deep,1956-06-30,CLQBK0673J,"H.No. 05, Brahmbhatt Circle, Mehsana 169421",65000,Filed
PER00963,Ojas Mukherjee,1998-04-22,OILTG6302H,"11, Chopra Marg, Srikakulam-117545",120000,Not Filed
PER00964,Yashvi Dave,1979-05-09,SIJNV4435H,"22/905, Das Ganj, Serampore 088364",50000,Filed
PER00965,Warinder Wali,1977-08-31,WZXMA1666L,"22, Ahuja Circle, Raichur 170079",50000,Not Filed
PER00966,Adya Malhotra,1968-05-24,XGXJM0000E,"15, Mangal Path, Kota-345901",65000,Filed
PER00967,Neelima Venkatesh,1987-02-19,WPEUJ5980Y,"H.No. 889, Ramachandran Nagar, Amaravati-404469",35000,Not Filed
PER00968,Oeshi Dugal,1985-01-12,ONBZW2321U,"19/534, Majumdar Nagar, Sikar 068883",50000,Filed
PER00969,Rachita Memon,2006-10-31,NSCNM4311N,"25/726, Chopra Marg, Mangalore-542108",50000,Filed
PER00970,Ishani Chatterjee,1977-09-29,VZPXR0016Z,"H.No. 912, Thaman, Guna 009022",50000,Filed
PER00971,Logan Kuruvilla,1976-03-08,FAPQZ9954T,"90/153, Prasad, Imphal-213334",45000,Not Filed
PER00972,Yadavi Sanghvi,1974-12-25,WPRWU4978J,"797, Toor Zila, Purnia-023594",50000,Not Filed
PER00973,Ikbal Narayanan,1976-03-28,KEVUX3638B,"21/95, Zachariah Street, Bally 667590",65000,Not Filed
PER00974,Januja Vohra,1999-08-25,ZHWZT6063M,"H.No. 101, Iyengar Ganj, Malda 375013",0,Not Filed
PER00975,Rachita Dugal,1983-07-05,MQOPX3705Z,"H.No. 00, Bala Path, North Dumdum-285384",80000,Filed
PER00976,Abhimanyu Sem,1965-12-22,GEQOO9703C,"H.No. 28, Iyer Circle, Buxar 629332",50000,Filed
PER00977,Rajeshri Varkey,2004-06-26,BQOUL1666G,"45/204, Devi Zila, Pune 564168",45000,Filed
PER00978,Jairaj Prakash,1974-02-24,OQJNX7764Z,"13/256, Pau Marg, Surendranagar Dudhrej-807927",35000,Filed
PER00979,Hamsini Ganguly,2001-07-12,EBDSM1550U,"H.No. 98, Barman Zila, Mumbai 566876",50000,Filed
PER00980,Bina Dalal,1955-12-29,PGAWY1201T,"H.No. 16, Puri, Udaipur-785585",120000,Filed
PER00981,Neelima Sawhney,1998-01-26,MAAOX8085P,"H.No. 067, Tella Chowk, Sirsa 977183",200000,Pending
PER00982,Vidhi Mallick,2003-02-16,BNQAC1099S,"33/15, Bhattacharyya Marg, Kanpur 237340",35000,Pending
PER00983,Ekapad Trivedi,1986-10-04,WPKET0502J,"674, Handa Road, Coimbatore-236132",45000,Filed
PER00984,Avi Nadig,1973-12-29,VCGCY2421M,"H.No. 389, Memon Ganj, Shahjahanpur-327363",65000,Pending
PER00985,Hemani Setty,1997-12-26,XREOQ7094J,"H.No. 421, Wable Path, Raiganj-792033",35000,Filed
PER00986,Ansh Patla,1981-06-15,JMBBT5855O,"12, Gole Marg, Silchar-012303",45000,Filed
PER00987,Diya Anand,1993-02-05,FMDYR1290H,"22, Tara Marg, Delhi 675229",200000,Not Filed
PER00988,Edhitha Vala,2007-01-09,ZUHZO2058X,"31/19, Balan Marg, Tumkur-343148",65000,Not Filed
PER00989,Amara Bhatia,1988-10-13,IRRJF0113X,"80, Mani, Serampore-453059",65000,Filed
PER00990,Rehaan Kapadia,1981-01-31,ZYIBD4453P,"539, Chakraborty Nagar, Dhanbad-937062",45000,Not Filed
PER00991,Dipta Sarraf,1969-02-04,RVSYZ9295Y,"561, Shan Circle, Khammam-063283",0,Filed
PER00992,Lopa Lad,2006-12-19,PCVHG6193K,"H.No. 386, Bhalla Marg, Kalyan-Dombivli 118681",0,Filed
PER00993,Aachal Raja,1963-03-27,LPAWV0927H,"51/276, Mitra Nagar, Tiruchirappalli 348176",50000,Filed
PER00994,Ranbir Chaudry,1962-01-10,VQIPE6661I,"83/003, Sharaf Marg, Burhanpur-493689",45000,Filed
PER00995,Mohini Srinivas,1993-07-25,ZNFCG5233B,"H.No. 535, Ram Circle, Bellary-473656",65000,Filed
PER00996,Pavani Halder,1978-04-17,RVMPA9164U,"H.No. 25, Kara Chowk, Orai 758067",35000,Filed
PER00997,Zaitra Mukherjee,1997-03-25,RVLGG3794I,"72, Dugal Road, Tadepalligudem 180223",45000,Pending
PER00998,Hemani Balan,1955-02-03,JRUCZ7533F,"24/292, Varughese Street, Indore 808676",80000,Filed
PER00999,Abdul Samra,2001-08-15,BLATL0766E,"H.No. 90, Jayaraman Zila, Berhampur 354228",65000,Not Filed
PER01000,Yatan Bobal,1964-03-21,GKBOE0235Q,"H.No. 52, Mitter Path, Delhi 436229",35000,Not Filed
